-- MySQL Script generated by MySQL Workbench
-- 12/22/16 18:44:39
-- Model: New Model    Version: 1.0
-- MySQL Workbench Forward Engineering

SET @OLD_UNIQUE_CHECKS=@@UNIQUE_CHECKS, UNIQUE_CHECKS=0;
SET @OLD_FOREIGN_KEY_CHECKS=@@FOREIGN_KEY_CHECKS, FOREIGN_KEY_CHECKS=0;
SET @OLD_SQL_MODE=@@SQL_MODE, SQL_MODE='TRADITIONAL,ALLOW_INVALID_DATES';

-- -----------------------------------------------------
-- Schema biblivirti
-- -----------------------------------------------------
DROP SCHEMA IF EXISTS `biblivirti` ;

-- -----------------------------------------------------
-- Schema biblivirti
-- -----------------------------------------------------
CREATE SCHEMA IF NOT EXISTS `biblivirti` DEFAULT CHARACTER SET utf8 ;
USE `biblivirti` ;

-- -----------------------------------------------------
-- Table `biblivirti`.`questao`
-- -----------------------------------------------------
DROP TABLE IF EXISTS `biblivirti`.`questao` ;

CREATE TABLE IF NOT EXISTS `biblivirti`.`questao` (
  `qenid` INT(11) NOT NULL AUTO_INCREMENT,
  `qecdesc` VARCHAR(50) NOT NULL,
  `qectext` TEXT NOT NULL,
  `qecanex` VARCHAR(255) NULL DEFAULT NULL,
  `qedcadt` TIMESTAMP NOT NULL DEFAULT CURRENT_TIMESTAMP,
  `qedaldt` TIMESTAMP NULL DEFAULT CURRENT_TIMESTAMP ON UPDATE CURRENT_TIMESTAMP,
  PRIMARY KEY (`qenid`))
ENGINE = InnoDB
DEFAULT CHARACTER SET = utf8;


-- -----------------------------------------------------
-- Table `biblivirti`.`alternativa`
-- -----------------------------------------------------
DROP TABLE IF EXISTS `biblivirti`.`alternativa` ;

CREATE TABLE IF NOT EXISTS `biblivirti`.`alternativa` (
  `alnid` INT(11) NOT NULL AUTO_INCREMENT,
  `alnidqe` INT(11) NOT NULL,
  `alctext` VARCHAR(100) NOT NULL,
  `allcert` TINYINT(1) NOT NULL DEFAULT '0',
  `aldcadt` TIMESTAMP NOT NULL DEFAULT CURRENT_TIMESTAMP,
  `aldaldt` TIMESTAMP NOT NULL DEFAULT CURRENT_TIMESTAMP ON UPDATE CURRENT_TIMESTAMP,
  PRIMARY KEY (`alnid`),
  CONSTRAINT `FKALQE`
    FOREIGN KEY (`alnidqe`)
    REFERENCES `biblivirti`.`questao` (`qenid`)
    ON DELETE CASCADE
    ON UPDATE CASCADE)
ENGINE = InnoDB
DEFAULT CHARACTER SET = utf8
COMMENT = '									';

CREATE INDEX `ialnidqe` ON `biblivirti`.`alternativa` (`alnidqe` ASC);


-- -----------------------------------------------------
-- Table `biblivirti`.`areainteresse`
-- -----------------------------------------------------
DROP TABLE IF EXISTS `biblivirti`.`areainteresse` ;

CREATE TABLE IF NOT EXISTS `biblivirti`.`areainteresse` (
  `ainid` INT(11) NOT NULL AUTO_INCREMENT,
  `aicdesc` VARCHAR(50) NOT NULL,
  `aidcadt` TIMESTAMP NOT NULL DEFAULT CURRENT_TIMESTAMP,
  `aidaldt` TIMESTAMP NOT NULL DEFAULT CURRENT_TIMESTAMP ON UPDATE CURRENT_TIMESTAMP,
  PRIMARY KEY (`ainid`))
ENGINE = InnoDB
DEFAULT CHARACTER SET = utf8;

CREATE UNIQUE INDEX `iaicdesc` ON `biblivirti`.`areainteresse` (`aicdesc` ASC);


-- -----------------------------------------------------
-- Table `biblivirti`.`usuario`
-- -----------------------------------------------------
DROP TABLE IF EXISTS `biblivirti`.`usuario` ;

CREATE TABLE IF NOT EXISTS `biblivirti`.`usuario` (
  `usnid` INT(11) NOT NULL AUTO_INCREMENT,
  `uscfbid` VARCHAR(100) NULL DEFAULT NULL,
  `uscnome` VARCHAR(50) NULL DEFAULT NULL,
  `uscmail` VARCHAR(50) NOT NULL,
  `usclogn` VARCHAR(50) NOT NULL,
  `uscsenh` VARCHAR(32) NOT NULL,
  `uscfoto` VARCHAR(255) NULL DEFAULT NULL,
  `uscstat` CHAR(1) NOT NULL DEFAULT 'I',
  `usdcadt` TIMESTAMP NOT NULL DEFAULT CURRENT_TIMESTAMP,
  `usdaldt` TIMESTAMP NOT NULL DEFAULT CURRENT_TIMESTAMP ON UPDATE CURRENT_TIMESTAMP,
  PRIMARY KEY (`usnid`))
ENGINE = InnoDB
DEFAULT CHARACTER SET = utf8;

CREATE UNIQUE INDEX `iuscmail` ON `biblivirti`.`usuario` (`uscmail` ASC);

CREATE UNIQUE INDEX `iusclogn` ON `biblivirti`.`usuario` (`usclogn` ASC);

CREATE UNIQUE INDEX `iuscfbid` ON `biblivirti`.`usuario` (`uscfbid` ASC);


-- -----------------------------------------------------
-- Table `biblivirti`.`grupo`
-- -----------------------------------------------------
DROP TABLE IF EXISTS `biblivirti`.`grupo` ;

CREATE TABLE IF NOT EXISTS `biblivirti`.`grupo` (
  `grnid` INT(11) NOT NULL AUTO_INCREMENT,
  `grnidai` INT(11) NOT NULL,
  `grcnome` VARCHAR(50) NOT NULL,
  `grcfoto` VARCHAR(255) NULL DEFAULT NULL,
  `grctipo` CHAR(1) NOT NULL DEFAULT 'A',
  `grcstat` CHAR(1) NOT NULL DEFAULT 'A',
  `grdcadt` TIMESTAMP NOT NULL DEFAULT CURRENT_TIMESTAMP,
  `grdaldt` TIMESTAMP NOT NULL DEFAULT CURRENT_TIMESTAMP ON UPDATE CURRENT_TIMESTAMP,
  PRIMARY KEY (`grnid`),
  CONSTRAINT `FKGRAI`
    FOREIGN KEY (`grnidai`)
    REFERENCES `biblivirti`.`areainteresse` (`ainid`)
    ON DELETE CASCADE
    ON UPDATE CASCADE)
ENGINE = InnoDB
DEFAULT CHARACTER SET = utf8
COMMENT = '				';

CREATE INDEX `igrnidai` ON `biblivirti`.`grupo` (`grnidai` ASC);


-- -----------------------------------------------------
-- Table `biblivirti`.`material`
-- -----------------------------------------------------
DROP TABLE IF EXISTS `biblivirti`.`material` ;

CREATE TABLE IF NOT EXISTS `biblivirti`.`material` (
  `manid` INT(11) NOT NULL AUTO_INCREMENT,
  `manidgr` INT(11) NOT NULL,
  `macdesc` VARCHAR(100) NOT NULL,
  `mactipo` CHAR(1) NOT NULL,
  `macurl` VARCHAR(255) NULL DEFAULT NULL,
  `macnivl` CHAR(1) NULL DEFAULT NULL,
  `macstat` CHAR(1) NOT NULL DEFAULT 'A',
  `madcadt` TIMESTAMP NOT NULL DEFAULT CURRENT_TIMESTAMP,
  `madaldt` TIMESTAMP NULL DEFAULT CURRENT_TIMESTAMP ON UPDATE CURRENT_TIMESTAMP,
  PRIMARY KEY (`manid`),
  CONSTRAINT `fk_material_grupo1`
    FOREIGN KEY (`manidgr`)
    REFERENCES `biblivirti`.`grupo` (`grnid`)
    ON DELETE NO ACTION
    ON UPDATE NO ACTION)
ENGINE = InnoDB
DEFAULT CHARACTER SET = utf8;

CREATE INDEX `fk_material_grupo1_idx` ON `biblivirti`.`material` (`manidgr` ASC);


-- -----------------------------------------------------
-- Table `biblivirti`.`avaliacao`
-- -----------------------------------------------------
DROP TABLE IF EXISTS `biblivirti`.`avaliacao` ;

CREATE TABLE IF NOT EXISTS `biblivirti`.`avaliacao` (
  `avnid` INT(11) NOT NULL AUTO_INCREMENT,
  `avnidus` INT(11) NOT NULL,
  `avnidma` INT(11) NOT NULL,
  `avcstat` CHAR(1) NOT NULL DEFAULT 'I',
  `avdindt` TIMESTAMP NOT NULL DEFAULT CURRENT_TIMESTAMP,
  `avdtedt` TIMESTAMP NULL ON UPDATE CURRENT_TIMESTAMP,
  PRIMARY KEY (`avnid`),
  CONSTRAINT `FKAVUS`
    FOREIGN KEY (`avnidus`)
    REFERENCES `biblivirti`.`usuario` (`usnid`)
    ON DELETE CASCADE
    ON UPDATE CASCADE,
  CONSTRAINT `fkavma`
    FOREIGN KEY (`avnidma`)
    REFERENCES `biblivirti`.`material` (`manid`)
    ON DELETE CASCADE
    ON UPDATE CASCADE)
ENGINE = InnoDB
DEFAULT CHARACTER SET = utf8;

CREATE INDEX `fk_AVALIACAO_USUARIO1_idx` ON `biblivirti`.`avaliacao` (`avnidus` ASC);

CREATE INDEX `fk_AVALIACAO_MATERIAL1_idx` ON `biblivirti`.`avaliacao` (`avnidma` ASC);


-- -----------------------------------------------------
-- Table `biblivirti`.`comentario`
-- -----------------------------------------------------
DROP TABLE IF EXISTS `biblivirti`.`comentario` ;

CREATE TABLE IF NOT EXISTS `biblivirti`.`comentario` (
  `cenid` INT(11) NOT NULL AUTO_INCREMENT,
  `cenidus` INT(11) NOT NULL,
  `cenidma` INT(11) NOT NULL,
  `cenidce` INT(11) NULL DEFAULT NULL,
  `cectext` TEXT NOT NULL,
  `cecanex` VARCHAR(255) NULL DEFAULT NULL,
  `cecstat` CHAR(1) NOT NULL DEFAULT 'A',
  `cedcadt` TIMESTAMP NOT NULL DEFAULT CURRENT_TIMESTAMP,
  `cedaldt` TIMESTAMP NOT NULL DEFAULT CURRENT_TIMESTAMP ON UPDATE CURRENT_TIMESTAMP,
  PRIMARY KEY (`cenid`),
  CONSTRAINT `FKCEMA`
    FOREIGN KEY (`cenidma`)
    REFERENCES `biblivirti`.`material` (`manid`)
    ON DELETE CASCADE
    ON UPDATE CASCADE,
  CONSTRAINT `FKCEUS`
    FOREIGN KEY (`cenidus`)
    REFERENCES `biblivirti`.`usuario` (`usnid`)
    ON DELETE CASCADE
    ON UPDATE CASCADE,
  CONSTRAINT `fkcece`
    FOREIGN KEY (`cenidce`)
    REFERENCES `biblivirti`.`comentario` (`cenid`)
    ON DELETE SET NULL
    ON UPDATE CASCADE)
ENGINE = InnoDB
DEFAULT CHARACTER SET = utf8;

CREATE INDEX `icenidus` ON `biblivirti`.`comentario` (`cenidus` ASC);

CREATE INDEX `icenidma` ON `biblivirti`.`comentario` (`cenidma` ASC);

CREATE INDEX `icenidce` ON `biblivirti`.`comentario` (`cenidce` ASC);


-- -----------------------------------------------------
-- Table `biblivirti`.`confirmaremail`
-- -----------------------------------------------------
DROP TABLE IF EXISTS `biblivirti`.`confirmaremail` ;

CREATE TABLE IF NOT EXISTS `biblivirti`.`confirmaremail` (
  `canid` INT(11) NOT NULL AUTO_INCREMENT,
  `canidus` INT(11) NOT NULL,
  `cactokn` VARCHAR(32) NOT NULL,
  `cacstat` CHAR(1) NOT NULL DEFAULT 'A',
  `cadcadt` TIMESTAMP NOT NULL DEFAULT CURRENT_TIMESTAMP,
  `cadaldt` TIMESTAMP NOT NULL DEFAULT CURRENT_TIMESTAMP ON UPDATE CURRENT_TIMESTAMP,
  PRIMARY KEY (`canid`),
  CONSTRAINT `FKCAUS`
    FOREIGN KEY (`canidus`)
    REFERENCES `biblivirti`.`usuario` (`usnid`)
    ON DELETE CASCADE
    ON UPDATE CASCADE)
ENGINE = InnoDB
DEFAULT CHARACTER SET = utf8;

CREATE UNIQUE INDEX `icactokn` ON `biblivirti`.`confirmaremail` (`cactokn` ASC);

CREATE INDEX `icanidus` ON `biblivirti`.`confirmaremail` (`canidus` ASC);


-- -----------------------------------------------------
-- Table `biblivirti`.`conteudo`
-- -----------------------------------------------------
DROP TABLE IF EXISTS `biblivirti`.`conteudo` ;

CREATE TABLE IF NOT EXISTS `biblivirti`.`conteudo` (
  `conid` INT(11) NOT NULL AUTO_INCREMENT,
  `conidgr` INT(11) NOT NULL,
  `cocdesc` VARCHAR(100) NOT NULL,
  `codcadt` TIMESTAMP NOT NULL DEFAULT CURRENT_TIMESTAMP ON UPDATE CURRENT_TIMESTAMP,
  `codaldt` TIMESTAMP NOT NULL DEFAULT CURRENT_TIMESTAMP,
  PRIMARY KEY (`conid`),
  CONSTRAINT `fkcogr`
    FOREIGN KEY (`conidgr`)
    REFERENCES `biblivirti`.`grupo` (`grnid`)
    ON DELETE NO ACTION
    ON UPDATE NO ACTION)
ENGINE = InnoDB
DEFAULT CHARACTER SET = utf8;

CREATE INDEX `iconidgr` ON `biblivirti`.`conteudo` (`conidgr` ASC);


-- -----------------------------------------------------
-- Table `biblivirti`.`conteudomaterial`
-- -----------------------------------------------------
DROP TABLE IF EXISTS `biblivirti`.`conteudomaterial` ;

CREATE TABLE IF NOT EXISTS `biblivirti`.`conteudomaterial` (
  `cmnidco` INT(11) NOT NULL,
  `cmnidma` INT(11) NOT NULL,
  PRIMARY KEY (`cmnidco`, `cmnidma`),
  CONSTRAINT `fkcmco`
    FOREIGN KEY (`cmnidco`)
    REFERENCES `biblivirti`.`conteudo` (`conid`)
    ON DELETE CASCADE
    ON UPDATE NO ACTION,
  CONSTRAINT `fkcmma`
    FOREIGN KEY (`cmnidma`)
    REFERENCES `biblivirti`.`material` (`manid`)
    ON DELETE CASCADE
    ON UPDATE CASCADE)
ENGINE = InnoDB
DEFAULT CHARACTER SET = utf8;

CREATE INDEX `icmnidma` ON `biblivirti`.`conteudomaterial` (`cmnidma` ASC);

CREATE INDEX `icmnidco` ON `biblivirti`.`conteudomaterial` (`cmnidco` ASC);


-- -----------------------------------------------------
-- Table `biblivirti`.`duvida`
-- -----------------------------------------------------
DROP TABLE IF EXISTS `biblivirti`.`duvida` ;

CREATE TABLE IF NOT EXISTS `biblivirti`.`duvida` (
  `dvnid` INT(11) NOT NULL AUTO_INCREMENT,
  `dvnidgr` INT(11) NOT NULL,
  `dvnidus` INT(11) NOT NULL,
  `dvctext` TEXT NOT NULL,
  `dvcanex` VARCHAR(255) NULL DEFAULT NULL,
  `dvcstat` CHAR(1) NOT NULL DEFAULT 'A',
  `dvlanon` TINYINT(1) NOT NULL DEFAULT '0',
  `dvdcadt` TIMESTAMP NOT NULL DEFAULT CURRENT_TIMESTAMP,
  `dvdaldt` TIMESTAMP NOT NULL DEFAULT CURRENT_TIMESTAMP ON UPDATE CURRENT_TIMESTAMP,
  PRIMARY KEY (`dvnid`),
  CONSTRAINT `FKDVGR`
    FOREIGN KEY (`dvnidgr`)
    REFERENCES `biblivirti`.`grupo` (`grnid`)
    ON DELETE CASCADE
    ON UPDATE CASCADE,
  CONSTRAINT `FKDVUS`
    FOREIGN KEY (`dvnidus`)
    REFERENCES `biblivirti`.`usuario` (`usnid`)
    ON DELETE CASCADE
    ON UPDATE CASCADE)
ENGINE = InnoDB
DEFAULT CHARACTER SET = utf8;

CREATE INDEX `idvnidus` ON `biblivirti`.`duvida` (`dvnidus` ASC);

CREATE INDEX `idvnidgr` ON `biblivirti`.`duvida` (`dvnidgr` ASC);


-- -----------------------------------------------------
-- Table `biblivirti`.`duvidaconteudo`
-- -----------------------------------------------------
DROP TABLE IF EXISTS `biblivirti`.`duvidaconteudo` ;

CREATE TABLE IF NOT EXISTS `biblivirti`.`duvidaconteudo` (
  `dcniddv` INT(11) NOT NULL,
  `dcnidco` INT(11) NOT NULL,
  PRIMARY KEY (`dcniddv`, `dcnidco`),
  CONSTRAINT `fkdcdv`
    FOREIGN KEY (`dcnidco`)
    REFERENCES `biblivirti`.`conteudo` (`conid`)
    ON DELETE CASCADE
    ON UPDATE CASCADE,
  CONSTRAINT `fkdcco`
    FOREIGN KEY (`dcniddv`)
    REFERENCES `biblivirti`.`duvida` (`dvnid`)
    ON DELETE CASCADE
    ON UPDATE CASCADE)
ENGINE = InnoDB
DEFAULT CHARACTER SET = utf8;

CREATE INDEX `idcniddv` ON `biblivirti`.`duvidaconteudo` (`dcniddv` ASC);

CREATE INDEX `idcnidco` ON `biblivirti`.`duvidaconteudo` (`dcnidco` ASC);


-- -----------------------------------------------------
-- Table `biblivirti`.`duvidaresposta`
-- -----------------------------------------------------
DROP TABLE IF EXISTS `biblivirti`.`duvidaresposta` ;

CREATE TABLE IF NOT EXISTS `biblivirti`.`duvidaresposta` (
  `drnid` INT(11) NOT NULL AUTO_INCREMENT,
  `drniddv` INT(11) NOT NULL,
  `drnidus` INT(11) NOT NULL,
  `drctext` TEXT NOT NULL,
  `drcanex` VARCHAR(255) NULL DEFAULT NULL,
  `drcstat` CHAR(1) NOT NULL DEFAULT 'A',
  `drdcadt` TIMESTAMP NOT NULL DEFAULT CURRENT_TIMESTAMP,
  `drdaldt` TIMESTAMP NOT NULL DEFAULT CURRENT_TIMESTAMP ON UPDATE CURRENT_TIMESTAMP,
  PRIMARY KEY (`drnid`),
  CONSTRAINT `FKDRDV`
    FOREIGN KEY (`drniddv`)
    REFERENCES `biblivirti`.`duvida` (`dvnid`)
    ON DELETE CASCADE
    ON UPDATE CASCADE,
  CONSTRAINT `FKDRUS`
    FOREIGN KEY (`drnidus`)
    REFERENCES `biblivirti`.`usuario` (`usnid`)
    ON DELETE CASCADE
    ON UPDATE CASCADE)
ENGINE = InnoDB
DEFAULT CHARACTER SET = utf8;

CREATE INDEX `idrnidv` ON `biblivirti`.`duvidaresposta` (`drniddv` ASC);

CREATE INDEX `idrnidus` ON `biblivirti`.`duvidaresposta` (`drnidus` ASC);


-- -----------------------------------------------------
-- Table `biblivirti`.`grupousuario`
-- -----------------------------------------------------
DROP TABLE IF EXISTS `biblivirti`.`grupousuario` ;

CREATE TABLE IF NOT EXISTS `biblivirti`.`grupousuario` (
  `gunidgr` INT(11) NOT NULL,
  `gunidus` INT(11) NOT NULL,
  `guladm` TINYINT(1) NOT NULL DEFAULT '0',
  `gucstat` CHAR(1) NOT NULL DEFAULT 'A',
  `gudcadt` TIMESTAMP NOT NULL DEFAULT CURRENT_TIMESTAMP,
  `gudaldt` TIMESTAMP NOT NULL DEFAULT CURRENT_TIMESTAMP ON UPDATE CURRENT_TIMESTAMP,
  PRIMARY KEY (`gunidgr`, `gunidus`),
  CONSTRAINT `FKGUGR`
    FOREIGN KEY (`gunidgr`)
    REFERENCES `biblivirti`.`grupo` (`grnid`)
    ON DELETE CASCADE
    ON UPDATE CASCADE,
  CONSTRAINT `FKGUUS`
    FOREIGN KEY (`gunidus`)
    REFERENCES `biblivirti`.`usuario` (`usnid`)
    ON DELETE CASCADE
    ON UPDATE CASCADE)
ENGINE = InnoDB
DEFAULT CHARACTER SET = utf8;

CREATE INDEX `igunidus` ON `biblivirti`.`grupousuario` (`gunidus` ASC);


-- -----------------------------------------------------
-- Table `biblivirti`.`historicoacesso`
-- -----------------------------------------------------
DROP TABLE IF EXISTS `biblivirti`.`historicoacesso` ;

CREATE TABLE IF NOT EXISTS `biblivirti`.`historicoacesso` (
  `hanid` INT(11) NOT NULL AUTO_INCREMENT,
  `hanidus` INT(11) NOT NULL,
  `hactipo` CHAR(1) NOT NULL DEFAULT 'M',
  `hanidma` INT(11) NULL DEFAULT NULL,
  `hadendt` TIMESTAMP NOT NULL DEFAULT CURRENT_TIMESTAMP,
  `hadsadt` TIMESTAMP NULL DEFAULT NULL,
  PRIMARY KEY (`hanid`),
  CONSTRAINT `FKHAMA`
    FOREIGN KEY (`hanidma`)
    REFERENCES `biblivirti`.`material` (`manid`)
    ON DELETE CASCADE
    ON UPDATE CASCADE,
  CONSTRAINT `FKHAUS`
    FOREIGN KEY (`hanidus`)
    REFERENCES `biblivirti`.`usuario` (`usnid`)
    ON DELETE CASCADE
    ON UPDATE CASCADE)
ENGINE = InnoDB
DEFAULT CHARACTER SET = utf8;

CREATE INDEX `ihanidus` ON `biblivirti`.`historicoacesso` (`hanidus` ASC);

CREATE INDEX `ihanidma` ON `biblivirti`.`historicoacesso` (`hanidma` ASC);


-- -----------------------------------------------------
-- Table `biblivirti`.`mensagem`
-- -----------------------------------------------------
DROP TABLE IF EXISTS `biblivirti`.`mensagem` ;

CREATE TABLE IF NOT EXISTS `biblivirti`.`mensagem` (
  `msnid` INT(11) NOT NULL AUTO_INCREMENT,
  `msnidgr` INT(11) NOT NULL,
  `msnidus` INT(11) NOT NULL,
  `msctext` TEXT NOT NULL,
  `mscanex` VARCHAR(255) NULL DEFAULT NULL,
  `mscstat` CHAR(1) NOT NULL DEFAULT 'A',
  `msdcadt` TIMESTAMP NOT NULL DEFAULT CURRENT_TIMESTAMP ON UPDATE CURRENT_TIMESTAMP,
  PRIMARY KEY (`msnid`),
  CONSTRAINT `FKMSGR`
    FOREIGN KEY (`msnidgr`)
    REFERENCES `biblivirti`.`grupo` (`grnid`)
    ON DELETE CASCADE
    ON UPDATE CASCADE,
  CONSTRAINT `FKMSUS`
    FOREIGN KEY (`msnidus`)
    REFERENCES `biblivirti`.`usuario` (`usnid`)
    ON DELETE CASCADE
    ON UPDATE CASCADE)
ENGINE = InnoDB
DEFAULT CHARACTER SET = utf8;

CREATE INDEX `imsnidus` ON `biblivirti`.`mensagem` (`msnidus` ASC);

CREATE INDEX `imsnidgr` ON `biblivirti`.`mensagem` (`msnidgr` ASC);


-- -----------------------------------------------------
-- Table `biblivirti`.`notificacao`
-- -----------------------------------------------------
DROP TABLE IF EXISTS `biblivirti`.`notificacao` ;

CREATE TABLE IF NOT EXISTS `biblivirti`.`notificacao` (
  `nonid` INT(11) NOT NULL AUTO_INCREMENT,
  `nonidgr` INT(11) NOT NULL,
  `nonidus` INT(11) NOT NULL,
  `noctext` TEXT NOT NULL,
  `noctipo` CHAR(1) NOT NULL,
  `nonidma` INT(11) NULL DEFAULT NULL,
  `nonidco` INT(11) NULL DEFAULT NULL,
  `nonidce` INT(11) NULL DEFAULT NULL,
  `nonidms` INT(11) NULL DEFAULT NULL,
  `noniddv` INT(11) NULL DEFAULT NULL,
  `noniddr` INT(11) NULL DEFAULT NULL,
  `nodcadt` TIMESTAMP NOT NULL DEFAULT CURRENT_TIMESTAMP,
  `nocstat` CHAR(1) NOT NULL DEFAULT 'A',
  PRIMARY KEY (`nonid`),
  CONSTRAINT `fknoce`
    FOREIGN KEY (`nonidce`)
    REFERENCES `biblivirti`.`comentario` (`cenid`)
    ON DELETE CASCADE
    ON UPDATE CASCADE,
  CONSTRAINT `fknoco`
    FOREIGN KEY (`nonidco`)
    REFERENCES `biblivirti`.`conteudo` (`conid`)
    ON DELETE CASCADE
    ON UPDATE CASCADE,
  CONSTRAINT `fknodr`
    FOREIGN KEY (`noniddr`)
    REFERENCES `biblivirti`.`duvidaresposta` (`drnid`)
    ON DELETE CASCADE
    ON UPDATE CASCADE,
  CONSTRAINT `fknodv`
    FOREIGN KEY (`noniddv`)
    REFERENCES `biblivirti`.`duvida` (`dvnid`)
    ON DELETE CASCADE
    ON UPDATE CASCADE,
  CONSTRAINT `fknoma`
    FOREIGN KEY (`nonidma`)
    REFERENCES `biblivirti`.`material` (`manid`)
    ON DELETE CASCADE
    ON UPDATE CASCADE,
  CONSTRAINT `fknoms`
    FOREIGN KEY (`nonidms`)
    REFERENCES `biblivirti`.`mensagem` (`msnid`)
    ON DELETE CASCADE
    ON UPDATE CASCADE,
  CONSTRAINT `fknous`
    FOREIGN KEY (`nonidus`)
    REFERENCES `biblivirti`.`usuario` (`usnid`)
    ON DELETE CASCADE
    ON UPDATE CASCADE)
ENGINE = InnoDB
DEFAULT CHARACTER SET = utf8;

CREATE INDEX `inonidus` ON `biblivirti`.`notificacao` (`nonidus` ASC);

CREATE INDEX `inonidma` ON `biblivirti`.`notificacao` (`nonidma` ASC);

CREATE INDEX `inonidco` ON `biblivirti`.`notificacao` (`nonidco` ASC);

CREATE INDEX `inonidce` ON `biblivirti`.`notificacao` (`nonidce` ASC);

CREATE INDEX `inonidms` ON `biblivirti`.`notificacao` (`nonidms` ASC);

CREATE INDEX `inoniddv` ON `biblivirti`.`notificacao` (`noniddv` ASC);

CREATE INDEX `inoniddr` ON `biblivirti`.`notificacao` (`noniddr` ASC);


-- -----------------------------------------------------
-- Table `biblivirti`.`parametros`
-- -----------------------------------------------------
DROP TABLE IF EXISTS `biblivirti`.`parametros` ;

CREATE TABLE IF NOT EXISTS `biblivirti`.`parametros` (
  `prnnal` INT(11) NOT NULL DEFAULT '5',
  `prnnqe` INT(11) NOT NULL DEFAULT '10',
  `prntmax` INT(11) NOT NULL DEFAULT '16',
  `prnnadm` INT(11) NOT NULL DEFAULT '1')
ENGINE = InnoDB
DEFAULT CHARACTER SET = utf8;


-- -----------------------------------------------------
-- Table `biblivirti`.`questaosimulado`
-- -----------------------------------------------------
DROP TABLE IF EXISTS `biblivirti`.`questaosimulado` ;

CREATE TABLE IF NOT EXISTS `biblivirti`.`questaosimulado` (
  `qsnidma` INT(11) NOT NULL,
  `qsnidqe` INT(11) NOT NULL,
  PRIMARY KEY (`qsnidma`, `qsnidqe`),
  CONSTRAINT `FKQSMA`
    FOREIGN KEY (`qsnidma`)
    REFERENCES `biblivirti`.`material` (`manid`)
    ON DELETE CASCADE
    ON UPDATE CASCADE,
  CONSTRAINT `FKQSQE`
    FOREIGN KEY (`qsnidqe`)
    REFERENCES `biblivirti`.`questao` (`qenid`)
    ON DELETE NO ACTION
    ON UPDATE NO ACTION)
ENGINE = InnoDB
DEFAULT CHARACTER SET = utf8;

CREATE INDEX `iqsnidqe` ON `biblivirti`.`questaosimulado` (`qsnidqe` ASC);

CREATE INDEX `iqsnidma` ON `biblivirti`.`questaosimulado` (`qsnidma` ASC);


-- -----------------------------------------------------
-- Table `biblivirti`.`recuperarsenha`
-- -----------------------------------------------------
DROP TABLE IF EXISTS `biblivirti`.`recuperarsenha` ;

CREATE TABLE IF NOT EXISTS `biblivirti`.`recuperarsenha` (
  `rsnid` INT(11) NOT NULL AUTO_INCREMENT,
  `rsnidus` INT(11) NOT NULL,
  `rsctokn` VARCHAR(32) NOT NULL,
  `rscstat` CHAR(1) NOT NULL DEFAULT 'A',
  `rsdcadt` TIMESTAMP NOT NULL DEFAULT CURRENT_TIMESTAMP,
  `rsdaldt` TIMESTAMP NOT NULL DEFAULT CURRENT_TIMESTAMP ON UPDATE CURRENT_TIMESTAMP,
  PRIMARY KEY (`rsnid`),
  CONSTRAINT `fkrsus`
    FOREIGN KEY (`rsnidus`)
    REFERENCES `biblivirti`.`usuario` (`usnid`)
    ON DELETE CASCADE
    ON UPDATE CASCADE)
ENGINE = InnoDB
DEFAULT CHARACTER SET = utf8;

CREATE UNIQUE INDEX `irsctokn` ON `biblivirti`.`recuperarsenha` (`rsctokn` ASC);

CREATE INDEX `irsnidus` ON `biblivirti`.`recuperarsenha` (`rsnidus` ASC);


-- -----------------------------------------------------
-- Table `biblivirti`.`resposta`
-- -----------------------------------------------------
DROP TABLE IF EXISTS `biblivirti`.`resposta` ;

CREATE TABLE IF NOT EXISTS `biblivirti`.`resposta` (
  `renid` INT(11) NOT NULL AUTO_INCREMENT,
  `renidav` INT(11) NOT NULL,
  `renidal` INT(11) NOT NULL,
  `recstat` CHAR(1) NOT NULL DEFAULT 'A',
  `redindt` TIMESTAMP NOT NULL DEFAULT CURRENT_TIMESTAMP,
  `redendt` TIMESTAMP NULL ON UPDATE CURRENT_TIMESTAMP,
  PRIMARY KEY (`renid`),
  CONSTRAINT `FKREAL`
    FOREIGN KEY (`renidal`)
    REFERENCES `biblivirti`.`alternativa` (`alnid`)
    ON DELETE CASCADE
    ON UPDATE CASCADE,
  CONSTRAINT `FKREAV`
    FOREIGN KEY (`renidav`)
    REFERENCES `biblivirti`.`avaliacao` (`avnid`)
    ON DELETE CASCADE
    ON UPDATE CASCADE)
ENGINE = InnoDB
DEFAULT CHARACTER SET = utf8;

CREATE INDEX `irenidav` ON `biblivirti`.`resposta` (`renidav` ASC);

CREATE INDEX `irenidal` ON `biblivirti`.`resposta` (`renidal` ASC);


SET SQL_MODE=@OLD_SQL_MODE;
SET FOREIGN_KEY_CHECKS=@OLD_FOREIGN_KEY_CHECKS;
SET UNIQUE_CHECKS=@OLD_UNIQUE_CHECKS;

-- -----------------------------------------------------
-- Data for table `biblivirti`.`questao`
-- -----------------------------------------------------
START TRANSACTION;
USE `biblivirti`;
INSERT INTO `biblivirti`.`questao` (`qenid`, `qecdesc`, `qectext`, `qecanex`, `qedcadt`, `qedaldt`) VALUES (1, 'Questão 1', 'Questão 1', NULL, '2016-12-22 16:54:14', '2016-12-22 16:54:14');
INSERT INTO `biblivirti`.`questao` (`qenid`, `qecdesc`, `qectext`, `qecanex`, `qedcadt`, `qedaldt`) VALUES (2, 'Questão 2', 'Questão 2', NULL, '2016-12-22 16:54:14', '2016-12-22 16:54:14');
INSERT INTO `biblivirti`.`questao` (`qenid`, `qecdesc`, `qectext`, `qecanex`, `qedcadt`, `qedaldt`) VALUES (3, 'Questão 4', 'Questão 3', NULL, '2016-12-22 16:54:14', '2016-12-22 16:54:14');
INSERT INTO `biblivirti`.`questao` (`qenid`, `qecdesc`, `qectext`, `qecanex`, `qedcadt`, `qedaldt`) VALUES (4, 'Questão 4', 'Questão 4', NULL, '2016-12-22 16:54:14', '2016-12-22 16:54:14');
INSERT INTO `biblivirti`.`questao` (`qenid`, `qecdesc`, `qectext`, `qecanex`, `qedcadt`, `qedaldt`) VALUES (5, 'Questão 5', 'Questão 5', NULL, '2016-12-22 16:54:14', '2016-12-22 16:54:14');
INSERT INTO `biblivirti`.`questao` (`qenid`, `qecdesc`, `qectext`, `qecanex`, `qedcadt`, `qedaldt`) VALUES (6, 'Questão 6', 'Questão 6', NULL, '2016-12-22 16:54:14', '2016-12-22 16:54:14');
INSERT INTO `biblivirti`.`questao` (`qenid`, `qecdesc`, `qectext`, `qecanex`, `qedcadt`, `qedaldt`) VALUES (7, 'Questão 7', 'Questão 7', NULL, '2016-12-22 16:54:14', '2016-12-22 16:54:14');
INSERT INTO `biblivirti`.`questao` (`qenid`, `qecdesc`, `qectext`, `qecanex`, `qedcadt`, `qedaldt`) VALUES (8, 'Questão 8', 'Questão 8', NULL, '2016-12-22 16:54:14', '2016-12-22 16:54:14');
INSERT INTO `biblivirti`.`questao` (`qenid`, `qecdesc`, `qectext`, `qecanex`, `qedcadt`, `qedaldt`) VALUES (9, 'Questão 9', 'Questão 9', NULL, '2016-12-22 16:54:14', '2016-12-22 16:54:14');
INSERT INTO `biblivirti`.`questao` (`qenid`, `qecdesc`, `qectext`, `qecanex`, `qedcadt`, `qedaldt`) VALUES (10, 'Questão 10', 'Questão 10', NULL, '2016-12-22 16:54:14', '2016-12-22 16:54:14');
INSERT INTO `biblivirti`.`questao` (`qenid`, `qecdesc`, `qectext`, `qecanex`, `qedcadt`, `qedaldt`) VALUES (11, 'Questão 11', 'Questão 11', NULL, '2016-12-22 16:54:14', '2016-12-22 16:54:14');
INSERT INTO `biblivirti`.`questao` (`qenid`, `qecdesc`, `qectext`, `qecanex`, `qedcadt`, `qedaldt`) VALUES (12, 'Questão 12', 'Questão 12', NULL, '2016-12-22 16:54:14', '2016-12-22 16:54:14');
INSERT INTO `biblivirti`.`questao` (`qenid`, `qecdesc`, `qectext`, `qecanex`, `qedcadt`, `qedaldt`) VALUES (13, 'Questão 13', 'Questão 13', NULL, '2016-12-22 16:54:14', '2016-12-22 16:54:14');
INSERT INTO `biblivirti`.`questao` (`qenid`, `qecdesc`, `qectext`, `qecanex`, `qedcadt`, `qedaldt`) VALUES (14, 'Questão 14', 'Questão 14', NULL, '2016-12-22 16:54:14', '2016-12-22 16:54:14');
INSERT INTO `biblivirti`.`questao` (`qenid`, `qecdesc`, `qectext`, `qecanex`, `qedcadt`, `qedaldt`) VALUES (15, 'Questão 15', 'Questão 15', NULL, '2016-12-22 16:54:14', '2016-12-22 16:54:14');
INSERT INTO `biblivirti`.`questao` (`qenid`, `qecdesc`, `qectext`, `qecanex`, `qedcadt`, `qedaldt`) VALUES (16, 'Questão 16', 'Questão 16', NULL, '2016-12-22 16:54:14', '2016-12-22 16:54:14');
INSERT INTO `biblivirti`.`questao` (`qenid`, `qecdesc`, `qectext`, `qecanex`, `qedcadt`, `qedaldt`) VALUES (17, 'Questão 17', 'Questão 17', NULL, '2016-12-22 16:54:14', '2016-12-22 16:54:14');
INSERT INTO `biblivirti`.`questao` (`qenid`, `qecdesc`, `qectext`, `qecanex`, `qedcadt`, `qedaldt`) VALUES (18, 'Questão 18', 'Questão 18', NULL, '2016-12-22 16:54:14', '2016-12-22 16:54:14');
INSERT INTO `biblivirti`.`questao` (`qenid`, `qecdesc`, `qectext`, `qecanex`, `qedcadt`, `qedaldt`) VALUES (19, 'Questão 19', 'Questão 19', NULL, '2016-12-22 16:54:14', '2016-12-22 16:54:14');
INSERT INTO `biblivirti`.`questao` (`qenid`, `qecdesc`, `qectext`, `qecanex`, `qedcadt`, `qedaldt`) VALUES (20, 'Questão 20', 'Questão 20', NULL, '2016-12-22 16:54:14', '2016-12-22 16:54:14');
INSERT INTO `biblivirti`.`questao` (`qenid`, `qecdesc`, `qectext`, `qecanex`, `qedcadt`, `qedaldt`) VALUES (21, 'Questão 21', 'Questão 21', NULL, '2016-12-22 17:02:56', '2016-12-22 17:02:56');
INSERT INTO `biblivirti`.`questao` (`qenid`, `qecdesc`, `qectext`, `qecanex`, `qedcadt`, `qedaldt`) VALUES (22, 'Questão 22', 'Questão 22', NULL, '2016-12-22 17:02:56', '2016-12-22 17:02:56');

COMMIT;


-- -----------------------------------------------------
-- Data for table `biblivirti`.`alternativa`
-- -----------------------------------------------------
START TRANSACTION;
USE `biblivirti`;
INSERT INTO `biblivirti`.`alternativa` (`alnid`, `alnidqe`, `alctext`, `allcert`, `aldcadt`, `aldaldt`) VALUES (1, 1, 'Alternativa 1', 1, '2016-12-22 16:58:47', '2016-12-22 16:58:47');
INSERT INTO `biblivirti`.`alternativa` (`alnid`, `alnidqe`, `alctext`, `allcert`, `aldcadt`, `aldaldt`) VALUES (2, 1, 'Alternativa 2', 0, '2016-12-22 16:58:47', '2016-12-22 16:58:47');
INSERT INTO `biblivirti`.`alternativa` (`alnid`, `alnidqe`, `alctext`, `allcert`, `aldcadt`, `aldaldt`) VALUES (3, 1, 'Alternativa 3', 0, '2016-12-22 16:58:47', '2016-12-22 16:58:47');
INSERT INTO `biblivirti`.`alternativa` (`alnid`, `alnidqe`, `alctext`, `allcert`, `aldcadt`, `aldaldt`) VALUES (4, 1, 'Alternativa 4', 0, '2016-12-22 16:58:47', '2016-12-22 16:58:47');
INSERT INTO `biblivirti`.`alternativa` (`alnid`, `alnidqe`, `alctext`, `allcert`, `aldcadt`, `aldaldt`) VALUES (5, 1, 'Alternativa 5', 0, '2016-12-22 16:58:47', '2016-12-22 16:58:47');
INSERT INTO `biblivirti`.`alternativa` (`alnid`, `alnidqe`, `alctext`, `allcert`, `aldcadt`, `aldaldt`) VALUES (6, 2, 'Alternativa 1', 0, '2016-12-22 16:58:47', '2016-12-22 16:58:47');
INSERT INTO `biblivirti`.`alternativa` (`alnid`, `alnidqe`, `alctext`, `allcert`, `aldcadt`, `aldaldt`) VALUES (7, 2, 'Alternativa 2', 1, '2016-12-22 16:58:47', '2016-12-22 16:58:47');
INSERT INTO `biblivirti`.`alternativa` (`alnid`, `alnidqe`, `alctext`, `allcert`, `aldcadt`, `aldaldt`) VALUES (8, 2, 'Alternativa 3', 0, '2016-12-22 16:58:47', '2016-12-22 16:58:47');
INSERT INTO `biblivirti`.`alternativa` (`alnid`, `alnidqe`, `alctext`, `allcert`, `aldcadt`, `aldaldt`) VALUES (9, 2, 'Alternativa 4', 0, '2016-12-22 16:58:47', '2016-12-22 16:58:47');
INSERT INTO `biblivirti`.`alternativa` (`alnid`, `alnidqe`, `alctext`, `allcert`, `aldcadt`, `aldaldt`) VALUES (10, 2, 'Alternativa 5', 0, '2016-12-22 16:58:47', '2016-12-22 16:58:47');
INSERT INTO `biblivirti`.`alternativa` (`alnid`, `alnidqe`, `alctext`, `allcert`, `aldcadt`, `aldaldt`) VALUES (11, 3, 'Alternativa 1', 0, '2016-12-22 16:58:47', '2016-12-22 16:58:47');
INSERT INTO `biblivirti`.`alternativa` (`alnid`, `alnidqe`, `alctext`, `allcert`, `aldcadt`, `aldaldt`) VALUES (12, 3, 'Alternativa 2', 0, '2016-12-22 16:58:47', '2016-12-22 16:58:47');
INSERT INTO `biblivirti`.`alternativa` (`alnid`, `alnidqe`, `alctext`, `allcert`, `aldcadt`, `aldaldt`) VALUES (13, 3, 'Alternativa 3', 1, '2016-12-22 16:58:47', '2016-12-22 16:58:47');
INSERT INTO `biblivirti`.`alternativa` (`alnid`, `alnidqe`, `alctext`, `allcert`, `aldcadt`, `aldaldt`) VALUES (14, 3, 'Alternativa 4', 0, '2016-12-22 16:58:47', '2016-12-22 16:58:47');
INSERT INTO `biblivirti`.`alternativa` (`alnid`, `alnidqe`, `alctext`, `allcert`, `aldcadt`, `aldaldt`) VALUES (15, 3, 'Alternativa 5', 0, '2016-12-22 16:58:47', '2016-12-22 16:58:47');
INSERT INTO `biblivirti`.`alternativa` (`alnid`, `alnidqe`, `alctext`, `allcert`, `aldcadt`, `aldaldt`) VALUES (16, 4, 'Alternativa 1', 0, '2016-12-22 16:58:47', '2016-12-22 16:58:47');
INSERT INTO `biblivirti`.`alternativa` (`alnid`, `alnidqe`, `alctext`, `allcert`, `aldcadt`, `aldaldt`) VALUES (17, 4, 'Alternativa 2', 0, '2016-12-22 16:58:47', '2016-12-22 16:58:47');
INSERT INTO `biblivirti`.`alternativa` (`alnid`, `alnidqe`, `alctext`, `allcert`, `aldcadt`, `aldaldt`) VALUES (18, 4, 'Alternativa 3', 0, '2016-12-22 16:58:47', '2016-12-22 16:58:47');
INSERT INTO `biblivirti`.`alternativa` (`alnid`, `alnidqe`, `alctext`, `allcert`, `aldcadt`, `aldaldt`) VALUES (19, 4, 'Alternativa 4', 1, '2016-12-22 16:58:47', '2016-12-22 16:58:47');
INSERT INTO `biblivirti`.`alternativa` (`alnid`, `alnidqe`, `alctext`, `allcert`, `aldcadt`, `aldaldt`) VALUES (20, 4, 'Alternativa 5', 0, '2016-12-22 16:58:47', '2016-12-22 16:58:47');
INSERT INTO `biblivirti`.`alternativa` (`alnid`, `alnidqe`, `alctext`, `allcert`, `aldcadt`, `aldaldt`) VALUES (21, 5, 'Alternativa 1', 0, '2016-12-22 16:58:47', '2016-12-22 16:58:47');
INSERT INTO `biblivirti`.`alternativa` (`alnid`, `alnidqe`, `alctext`, `allcert`, `aldcadt`, `aldaldt`) VALUES (22, 5, 'Alternativa 2', 0, '2016-12-22 16:58:47', '2016-12-22 16:58:47');
INSERT INTO `biblivirti`.`alternativa` (`alnid`, `alnidqe`, `alctext`, `allcert`, `aldcadt`, `aldaldt`) VALUES (23, 5, 'Alternativa 3', 0, '2016-12-22 16:58:47', '2016-12-22 16:58:47');
INSERT INTO `biblivirti`.`alternativa` (`alnid`, `alnidqe`, `alctext`, `allcert`, `aldcadt`, `aldaldt`) VALUES (24, 5, 'Alternativa 4', 0, '2016-12-22 16:58:47', '2016-12-22 16:58:47');
INSERT INTO `biblivirti`.`alternativa` (`alnid`, `alnidqe`, `alctext`, `allcert`, `aldcadt`, `aldaldt`) VALUES (25, 5, 'Alternativa 5', 1, '2016-12-22 16:58:47', '2016-12-22 16:58:47');
INSERT INTO `biblivirti`.`alternativa` (`alnid`, `alnidqe`, `alctext`, `allcert`, `aldcadt`, `aldaldt`) VALUES (26, 6, 'Alternativa 1', 1, '2016-12-22 16:58:47', '2016-12-22 16:58:47');
INSERT INTO `biblivirti`.`alternativa` (`alnid`, `alnidqe`, `alctext`, `allcert`, `aldcadt`, `aldaldt`) VALUES (27, 6, 'Alternativa 2', 0, '2016-12-22 16:58:47', '2016-12-22 16:58:47');
INSERT INTO `biblivirti`.`alternativa` (`alnid`, `alnidqe`, `alctext`, `allcert`, `aldcadt`, `aldaldt`) VALUES (28, 6, 'Alternativa 3', 0, '2016-12-22 16:58:47', '2016-12-22 16:58:47');
INSERT INTO `biblivirti`.`alternativa` (`alnid`, `alnidqe`, `alctext`, `allcert`, `aldcadt`, `aldaldt`) VALUES (29, 6, 'Alternativa 4', 0, '2016-12-22 16:58:47', '2016-12-22 16:58:47');
INSERT INTO `biblivirti`.`alternativa` (`alnid`, `alnidqe`, `alctext`, `allcert`, `aldcadt`, `aldaldt`) VALUES (30, 6, 'Alternativa 5', 0, '2016-12-22 16:58:47', '2016-12-22 16:58:47');
INSERT INTO `biblivirti`.`alternativa` (`alnid`, `alnidqe`, `alctext`, `allcert`, `aldcadt`, `aldaldt`) VALUES (31, 7, 'Alternativa 1', 0, '2016-12-22 16:58:47', '2016-12-22 16:58:47');
INSERT INTO `biblivirti`.`alternativa` (`alnid`, `alnidqe`, `alctext`, `allcert`, `aldcadt`, `aldaldt`) VALUES (32, 7, 'Alternativa 2', 1, '2016-12-22 16:58:47', '2016-12-22 16:58:47');
INSERT INTO `biblivirti`.`alternativa` (`alnid`, `alnidqe`, `alctext`, `allcert`, `aldcadt`, `aldaldt`) VALUES (33, 7, 'Alternativa 3', 0, '2016-12-22 16:58:47', '2016-12-22 16:58:47');
INSERT INTO `biblivirti`.`alternativa` (`alnid`, `alnidqe`, `alctext`, `allcert`, `aldcadt`, `aldaldt`) VALUES (34, 7, 'Alternativa 4', 0, '2016-12-22 16:58:47', '2016-12-22 16:58:47');
INSERT INTO `biblivirti`.`alternativa` (`alnid`, `alnidqe`, `alctext`, `allcert`, `aldcadt`, `aldaldt`) VALUES (35, 7, 'Alternativa 5', 0, '2016-12-22 16:58:47', '2016-12-22 16:58:47');
INSERT INTO `biblivirti`.`alternativa` (`alnid`, `alnidqe`, `alctext`, `allcert`, `aldcadt`, `aldaldt`) VALUES (36, 8, 'Alternativa 1', 0, '2016-12-22 16:58:47', '2016-12-22 16:58:47');
INSERT INTO `biblivirti`.`alternativa` (`alnid`, `alnidqe`, `alctext`, `allcert`, `aldcadt`, `aldaldt`) VALUES (37, 8, 'Alternativa 2', 0, '2016-12-22 16:58:47', '2016-12-22 16:58:47');
INSERT INTO `biblivirti`.`alternativa` (`alnid`, `alnidqe`, `alctext`, `allcert`, `aldcadt`, `aldaldt`) VALUES (38, 8, 'Alternativa 3', 1, '2016-12-22 16:58:47', '2016-12-22 16:58:47');
INSERT INTO `biblivirti`.`alternativa` (`alnid`, `alnidqe`, `alctext`, `allcert`, `aldcadt`, `aldaldt`) VALUES (39, 8, 'Alternativa 4', 0, '2016-12-22 16:58:47', '2016-12-22 16:58:47');
INSERT INTO `biblivirti`.`alternativa` (`alnid`, `alnidqe`, `alctext`, `allcert`, `aldcadt`, `aldaldt`) VALUES (40, 8, 'Alternativa 5', 0, '2016-12-22 16:58:47', '2016-12-22 16:58:47');
INSERT INTO `biblivirti`.`alternativa` (`alnid`, `alnidqe`, `alctext`, `allcert`, `aldcadt`, `aldaldt`) VALUES (41, 9, 'Alternativa 1', 0, '2016-12-22 16:58:47', '2016-12-22 16:58:47');
INSERT INTO `biblivirti`.`alternativa` (`alnid`, `alnidqe`, `alctext`, `allcert`, `aldcadt`, `aldaldt`) VALUES (42, 9, 'Alternativa 2', 0, '2016-12-22 16:58:47', '2016-12-22 16:58:47');
INSERT INTO `biblivirti`.`alternativa` (`alnid`, `alnidqe`, `alctext`, `allcert`, `aldcadt`, `aldaldt`) VALUES (43, 9, 'Alternativa 3', 0, '2016-12-22 16:58:47', '2016-12-22 16:58:47');
INSERT INTO `biblivirti`.`alternativa` (`alnid`, `alnidqe`, `alctext`, `allcert`, `aldcadt`, `aldaldt`) VALUES (44, 9, 'Alternativa 4', 1, '2016-12-22 16:58:47', '2016-12-22 16:58:47');
INSERT INTO `biblivirti`.`alternativa` (`alnid`, `alnidqe`, `alctext`, `allcert`, `aldcadt`, `aldaldt`) VALUES (45, 9, 'Alternativa 5', 0, '2016-12-22 16:58:47', '2016-12-22 16:58:47');
INSERT INTO `biblivirti`.`alternativa` (`alnid`, `alnidqe`, `alctext`, `allcert`, `aldcadt`, `aldaldt`) VALUES (46, 10, 'Alternativa 1', 0, '2016-12-22 16:58:47', '2016-12-22 16:58:47');
INSERT INTO `biblivirti`.`alternativa` (`alnid`, `alnidqe`, `alctext`, `allcert`, `aldcadt`, `aldaldt`) VALUES (47, 10, 'Alternativa 2', 0, '2016-12-22 16:58:47', '2016-12-22 16:58:47');
INSERT INTO `biblivirti`.`alternativa` (`alnid`, `alnidqe`, `alctext`, `allcert`, `aldcadt`, `aldaldt`) VALUES (48, 10, 'Alternativa 3', 0, '2016-12-22 16:58:47', '2016-12-22 16:58:47');
INSERT INTO `biblivirti`.`alternativa` (`alnid`, `alnidqe`, `alctext`, `allcert`, `aldcadt`, `aldaldt`) VALUES (49, 10, 'Alternativa 4', 0, '2016-12-22 16:58:47', '2016-12-22 16:58:47');
INSERT INTO `biblivirti`.`alternativa` (`alnid`, `alnidqe`, `alctext`, `allcert`, `aldcadt`, `aldaldt`) VALUES (50, 10, 'Alternativa 5', 1, '2016-12-22 16:58:47', '2016-12-22 16:58:47');
INSERT INTO `biblivirti`.`alternativa` (`alnid`, `alnidqe`, `alctext`, `allcert`, `aldcadt`, `aldaldt`) VALUES (51, 11, 'Alternativa 1', 1, '2016-12-22 17:08:33', '2016-12-22 17:08:33');
INSERT INTO `biblivirti`.`alternativa` (`alnid`, `alnidqe`, `alctext`, `allcert`, `aldcadt`, `aldaldt`) VALUES (52, 11, 'Alternativa 2', 0, '2016-12-22 17:08:33', '2016-12-22 17:08:33');
INSERT INTO `biblivirti`.`alternativa` (`alnid`, `alnidqe`, `alctext`, `allcert`, `aldcadt`, `aldaldt`) VALUES (53, 11, 'Alternativa 3', 0, '2016-12-22 17:08:33', '2016-12-22 17:08:33');
INSERT INTO `biblivirti`.`alternativa` (`alnid`, `alnidqe`, `alctext`, `allcert`, `aldcadt`, `aldaldt`) VALUES (54, 11, 'Alternativa 4', 0, '2016-12-22 17:08:33', '2016-12-22 17:08:33');
INSERT INTO `biblivirti`.`alternativa` (`alnid`, `alnidqe`, `alctext`, `allcert`, `aldcadt`, `aldaldt`) VALUES (55, 11, 'Alternativa 5', 0, '2016-12-22 17:08:33', '2016-12-22 17:08:33');
INSERT INTO `biblivirti`.`alternativa` (`alnid`, `alnidqe`, `alctext`, `allcert`, `aldcadt`, `aldaldt`) VALUES (56, 12, 'Alternativa 1', 0, '2016-12-22 17:08:33', '2016-12-22 17:08:33');
INSERT INTO `biblivirti`.`alternativa` (`alnid`, `alnidqe`, `alctext`, `allcert`, `aldcadt`, `aldaldt`) VALUES (57, 12, 'Alternativa 2', 1, '2016-12-22 17:08:33', '2016-12-22 17:08:33');
INSERT INTO `biblivirti`.`alternativa` (`alnid`, `alnidqe`, `alctext`, `allcert`, `aldcadt`, `aldaldt`) VALUES (58, 12, 'Alternativa 3', 0, '2016-12-22 17:08:33', '2016-12-22 17:08:33');
INSERT INTO `biblivirti`.`alternativa` (`alnid`, `alnidqe`, `alctext`, `allcert`, `aldcadt`, `aldaldt`) VALUES (59, 12, 'Alternativa 4', 0, '2016-12-22 17:08:33', '2016-12-22 17:08:33');
INSERT INTO `biblivirti`.`alternativa` (`alnid`, `alnidqe`, `alctext`, `allcert`, `aldcadt`, `aldaldt`) VALUES (60, 12, 'Alternativa 5', 0, '2016-12-22 17:08:33', '2016-12-22 17:08:33');
INSERT INTO `biblivirti`.`alternativa` (`alnid`, `alnidqe`, `alctext`, `allcert`, `aldcadt`, `aldaldt`) VALUES (61, 13, 'Alternativa 1', 0, '2016-12-22 17:08:33', '2016-12-22 17:08:33');
INSERT INTO `biblivirti`.`alternativa` (`alnid`, `alnidqe`, `alctext`, `allcert`, `aldcadt`, `aldaldt`) VALUES (62, 13, 'Alternativa 2', 0, '2016-12-22 17:08:33', '2016-12-22 17:08:33');
INSERT INTO `biblivirti`.`alternativa` (`alnid`, `alnidqe`, `alctext`, `allcert`, `aldcadt`, `aldaldt`) VALUES (63, 13, 'Alternativa 3', 1, '2016-12-22 17:08:33', '2016-12-22 17:08:33');
INSERT INTO `biblivirti`.`alternativa` (`alnid`, `alnidqe`, `alctext`, `allcert`, `aldcadt`, `aldaldt`) VALUES (64, 13, 'Alternativa 4', 0, '2016-12-22 17:08:33', '2016-12-22 17:08:33');
INSERT INTO `biblivirti`.`alternativa` (`alnid`, `alnidqe`, `alctext`, `allcert`, `aldcadt`, `aldaldt`) VALUES (65, 13, 'Alternativa 5', 0, '2016-12-22 17:08:33', '2016-12-22 17:08:33');
INSERT INTO `biblivirti`.`alternativa` (`alnid`, `alnidqe`, `alctext`, `allcert`, `aldcadt`, `aldaldt`) VALUES (66, 14, 'Alternativa 1', 0, '2016-12-22 17:08:33', '2016-12-22 17:08:33');
INSERT INTO `biblivirti`.`alternativa` (`alnid`, `alnidqe`, `alctext`, `allcert`, `aldcadt`, `aldaldt`) VALUES (67, 14, 'Alternativa 2', 0, '2016-12-22 17:08:33', '2016-12-22 17:08:33');
INSERT INTO `biblivirti`.`alternativa` (`alnid`, `alnidqe`, `alctext`, `allcert`, `aldcadt`, `aldaldt`) VALUES (68, 14, 'Alternativa 3', 0, '2016-12-22 17:08:33', '2016-12-22 17:08:33');
INSERT INTO `biblivirti`.`alternativa` (`alnid`, `alnidqe`, `alctext`, `allcert`, `aldcadt`, `aldaldt`) VALUES (69, 14, 'Alternativa 4', 1, '2016-12-22 17:08:33', '2016-12-22 17:08:33');
INSERT INTO `biblivirti`.`alternativa` (`alnid`, `alnidqe`, `alctext`, `allcert`, `aldcadt`, `aldaldt`) VALUES (70, 14, 'Alternativa 5', 0, '2016-12-22 17:08:33', '2016-12-22 17:08:33');
INSERT INTO `biblivirti`.`alternativa` (`alnid`, `alnidqe`, `alctext`, `allcert`, `aldcadt`, `aldaldt`) VALUES (71, 15, 'Alternativa 1', 0, '2016-12-22 17:08:33', '2016-12-22 17:08:33');
INSERT INTO `biblivirti`.`alternativa` (`alnid`, `alnidqe`, `alctext`, `allcert`, `aldcadt`, `aldaldt`) VALUES (72, 15, 'Alternativa 2', 0, '2016-12-22 17:08:33', '2016-12-22 17:08:33');
INSERT INTO `biblivirti`.`alternativa` (`alnid`, `alnidqe`, `alctext`, `allcert`, `aldcadt`, `aldaldt`) VALUES (73, 15, 'Alternativa 3', 0, '2016-12-22 17:08:33', '2016-12-22 17:08:33');
INSERT INTO `biblivirti`.`alternativa` (`alnid`, `alnidqe`, `alctext`, `allcert`, `aldcadt`, `aldaldt`) VALUES (74, 15, 'Alternativa 4', 0, '2016-12-22 17:08:33', '2016-12-22 17:08:33');
INSERT INTO `biblivirti`.`alternativa` (`alnid`, `alnidqe`, `alctext`, `allcert`, `aldcadt`, `aldaldt`) VALUES (75, 15, 'Alternativa 5', 1, '2016-12-22 17:08:33', '2016-12-22 17:08:33');
INSERT INTO `biblivirti`.`alternativa` (`alnid`, `alnidqe`, `alctext`, `allcert`, `aldcadt`, `aldaldt`) VALUES (76, 16, 'Alternativa 1', 0, '2016-12-22 17:08:33', '2016-12-22 17:08:33');
INSERT INTO `biblivirti`.`alternativa` (`alnid`, `alnidqe`, `alctext`, `allcert`, `aldcadt`, `aldaldt`) VALUES (77, 16, 'Alternativa 2', 0, '2016-12-22 17:08:33', '2016-12-22 17:08:33');
INSERT INTO `biblivirti`.`alternativa` (`alnid`, `alnidqe`, `alctext`, `allcert`, `aldcadt`, `aldaldt`) VALUES (78, 16, 'Alternativa 3', 0, '2016-12-22 17:08:33', '2016-12-22 17:08:33');
INSERT INTO `biblivirti`.`alternativa` (`alnid`, `alnidqe`, `alctext`, `allcert`, `aldcadt`, `aldaldt`) VALUES (79, 16, 'Alternativa 4', 0, '2016-12-22 17:08:33', '2016-12-22 17:08:33');
INSERT INTO `biblivirti`.`alternativa` (`alnid`, `alnidqe`, `alctext`, `allcert`, `aldcadt`, `aldaldt`) VALUES (80, 16, 'Alternativa 5', 0, '2016-12-22 17:08:33', '2016-12-22 17:08:33');
INSERT INTO `biblivirti`.`alternativa` (`alnid`, `alnidqe`, `alctext`, `allcert`, `aldcadt`, `aldaldt`) VALUES (81, 17, 'Alternativa 1', 1, '2016-12-22 17:08:33', '2016-12-22 17:08:33');
INSERT INTO `biblivirti`.`alternativa` (`alnid`, `alnidqe`, `alctext`, `allcert`, `aldcadt`, `aldaldt`) VALUES (82, 17, 'Alternativa 2', 0, '2016-12-22 17:08:33', '2016-12-22 17:08:33');
INSERT INTO `biblivirti`.`alternativa` (`alnid`, `alnidqe`, `alctext`, `allcert`, `aldcadt`, `aldaldt`) VALUES (83, 17, 'Alternativa 3', 0, '2016-12-22 17:08:33', '2016-12-22 17:08:33');
INSERT INTO `biblivirti`.`alternativa` (`alnid`, `alnidqe`, `alctext`, `allcert`, `aldcadt`, `aldaldt`) VALUES (84, 17, 'Alternativa 4', 0, '2016-12-22 17:08:33', '2016-12-22 17:08:33');
INSERT INTO `biblivirti`.`alternativa` (`alnid`, `alnidqe`, `alctext`, `allcert`, `aldcadt`, `aldaldt`) VALUES (85, 17, 'Alternativa 5', 0, '2016-12-22 17:08:33', '2016-12-22 17:08:33');
INSERT INTO `biblivirti`.`alternativa` (`alnid`, `alnidqe`, `alctext`, `allcert`, `aldcadt`, `aldaldt`) VALUES (86, 18, 'Alternativa 1', 0, '2016-12-22 17:08:33', '2016-12-22 17:08:33');
INSERT INTO `biblivirti`.`alternativa` (`alnid`, `alnidqe`, `alctext`, `allcert`, `aldcadt`, `aldaldt`) VALUES (87, 18, 'Alternativa 2', 1, '2016-12-22 17:08:33', '2016-12-22 17:08:33');
INSERT INTO `biblivirti`.`alternativa` (`alnid`, `alnidqe`, `alctext`, `allcert`, `aldcadt`, `aldaldt`) VALUES (88, 18, 'Alternativa 3', 0, '2016-12-22 17:08:33', '2016-12-22 17:08:33');
INSERT INTO `biblivirti`.`alternativa` (`alnid`, `alnidqe`, `alctext`, `allcert`, `aldcadt`, `aldaldt`) VALUES (89, 18, 'Alternativa 4', 0, '2016-12-22 17:08:33', '2016-12-22 17:08:33');
INSERT INTO `biblivirti`.`alternativa` (`alnid`, `alnidqe`, `alctext`, `allcert`, `aldcadt`, `aldaldt`) VALUES (90, 18, 'Alternativa 5', 0, '2016-12-22 17:08:33', '2016-12-22 17:08:33');
INSERT INTO `biblivirti`.`alternativa` (`alnid`, `alnidqe`, `alctext`, `allcert`, `aldcadt`, `aldaldt`) VALUES (91, 19, 'Alternativa 1', 0, '2016-12-22 17:08:33', '2016-12-22 17:08:33');
INSERT INTO `biblivirti`.`alternativa` (`alnid`, `alnidqe`, `alctext`, `allcert`, `aldcadt`, `aldaldt`) VALUES (92, 19, 'Alternativa 2', 0, '2016-12-22 17:08:33', '2016-12-22 17:08:33');
INSERT INTO `biblivirti`.`alternativa` (`alnid`, `alnidqe`, `alctext`, `allcert`, `aldcadt`, `aldaldt`) VALUES (93, 19, 'Alternativa 3', 1, '2016-12-22 17:08:33', '2016-12-22 17:08:33');
INSERT INTO `biblivirti`.`alternativa` (`alnid`, `alnidqe`, `alctext`, `allcert`, `aldcadt`, `aldaldt`) VALUES (94, 19, 'Alternativa 4', 0, '2016-12-22 17:08:33', '2016-12-22 17:08:33');
INSERT INTO `biblivirti`.`alternativa` (`alnid`, `alnidqe`, `alctext`, `allcert`, `aldcadt`, `aldaldt`) VALUES (95, 19, 'Alternativa 5', 0, '2016-12-22 17:08:33', '2016-12-22 17:08:33');
INSERT INTO `biblivirti`.`alternativa` (`alnid`, `alnidqe`, `alctext`, `allcert`, `aldcadt`, `aldaldt`) VALUES (96, 20, 'Alternativa 1', 0, '2016-12-22 17:08:33', '2016-12-22 17:08:33');
INSERT INTO `biblivirti`.`alternativa` (`alnid`, `alnidqe`, `alctext`, `allcert`, `aldcadt`, `aldaldt`) VALUES (97, 20, 'Alternativa 2', 0, '2016-12-22 17:08:33', '2016-12-22 17:08:33');
INSERT INTO `biblivirti`.`alternativa` (`alnid`, `alnidqe`, `alctext`, `allcert`, `aldcadt`, `aldaldt`) VALUES (98, 20, 'Alternativa 3', 0, '2016-12-22 17:08:33', '2016-12-22 17:08:33');
INSERT INTO `biblivirti`.`alternativa` (`alnid`, `alnidqe`, `alctext`, `allcert`, `aldcadt`, `aldaldt`) VALUES (99, 20, 'Alternativa 4', 1, '2016-12-22 17:08:33', '2016-12-22 17:08:33');
INSERT INTO `biblivirti`.`alternativa` (`alnid`, `alnidqe`, `alctext`, `allcert`, `aldcadt`, `aldaldt`) VALUES (100, 20, 'Alternativa 5', 0, '2016-12-22 17:08:33', '2016-12-22 17:08:33');
INSERT INTO `biblivirti`.`alternativa` (`alnid`, `alnidqe`, `alctext`, `allcert`, `aldcadt`, `aldaldt`) VALUES (101, 21, 'Alternativa 1', 0, '2016-12-22 17:08:33', '2016-12-22 17:08:33');
INSERT INTO `biblivirti`.`alternativa` (`alnid`, `alnidqe`, `alctext`, `allcert`, `aldcadt`, `aldaldt`) VALUES (102, 21, 'Alternativa 2', 0, '2016-12-22 17:08:33', '2016-12-22 17:08:33');
INSERT INTO `biblivirti`.`alternativa` (`alnid`, `alnidqe`, `alctext`, `allcert`, `aldcadt`, `aldaldt`) VALUES (103, 21, 'Alternativa 3', 0, '2016-12-22 17:08:33', '2016-12-22 17:08:33');
INSERT INTO `biblivirti`.`alternativa` (`alnid`, `alnidqe`, `alctext`, `allcert`, `aldcadt`, `aldaldt`) VALUES (104, 21, 'Alternativa 4', 0, '2016-12-22 17:08:33', '2016-12-22 17:08:33');
INSERT INTO `biblivirti`.`alternativa` (`alnid`, `alnidqe`, `alctext`, `allcert`, `aldcadt`, `aldaldt`) VALUES (105, 21, 'Alternativa 5', 1, '2016-12-22 17:08:33', '2016-12-22 17:08:33');
INSERT INTO `biblivirti`.`alternativa` (`alnid`, `alnidqe`, `alctext`, `allcert`, `aldcadt`, `aldaldt`) VALUES (106, 22, 'Alternativa 1', 1, '2016-12-22 17:08:33', '2016-12-22 17:08:33');
INSERT INTO `biblivirti`.`alternativa` (`alnid`, `alnidqe`, `alctext`, `allcert`, `aldcadt`, `aldaldt`) VALUES (107, 22, 'Alternativa 2', 0, '2016-12-22 17:08:33', '2016-12-22 17:08:33');
INSERT INTO `biblivirti`.`alternativa` (`alnid`, `alnidqe`, `alctext`, `allcert`, `aldcadt`, `aldaldt`) VALUES (108, 22, 'Alternativa 3', 0, '2016-12-22 17:08:33', '2016-12-22 17:08:33');
INSERT INTO `biblivirti`.`alternativa` (`alnid`, `alnidqe`, `alctext`, `allcert`, `aldcadt`, `aldaldt`) VALUES (109, 22, 'Alternativa 4', 0, '2016-12-22 17:08:33', '2016-12-22 17:08:33');
INSERT INTO `biblivirti`.`alternativa` (`alnid`, `alnidqe`, `alctext`, `allcert`, `aldcadt`, `aldaldt`) VALUES (110, 22, 'Alternativa 5', 0, '2016-12-22 17:08:33', '2016-12-22 17:08:33');

COMMIT;


-- -----------------------------------------------------
-- Data for table `biblivirti`.`areainteresse`
-- -----------------------------------------------------
START TRANSACTION;
USE `biblivirti`;
INSERT INTO `biblivirti`.`areainteresse` (`ainid`, `aicdesc`, `aidcadt`, `aidaldt`) VALUES (1, 'Computação/Informática', '2016-12-21 15:49:29', '2016-12-21 15:49:29');
INSERT INTO `biblivirti`.`areainteresse` (`ainid`, `aicdesc`, `aidcadt`, `aidaldt`) VALUES (2, 'Engenharia', '2016-12-21 15:49:29', '2016-12-21 15:49:29');
INSERT INTO `biblivirti`.`areainteresse` (`ainid`, `aicdesc`, `aidcadt`, `aidaldt`) VALUES (3, 'Medicina', '2016-12-21 15:49:29', '2016-12-21 15:49:29');
INSERT INTO `biblivirti`.`areainteresse` (`ainid`, `aicdesc`, `aidcadt`, `aidaldt`) VALUES (4, 'Matemática', '2016-12-21 15:49:29', '2016-12-21 15:49:29');
INSERT INTO `biblivirti`.`areainteresse` (`ainid`, `aicdesc`, `aidcadt`, `aidaldt`) VALUES (5, 'Educação', '2016-12-21 15:49:29', '2016-12-21 15:49:29');
INSERT INTO `biblivirti`.`areainteresse` (`ainid`, `aicdesc`, `aidcadt`, `aidaldt`) VALUES (6, 'Academia', '2016-12-21 15:49:29', '2016-12-21 15:49:29');
INSERT INTO `biblivirti`.`areainteresse` (`ainid`, `aicdesc`, `aidcadt`, `aidaldt`) VALUES (7, 'Agricultura', '2016-12-21 15:49:29', '2016-12-21 15:49:29');
INSERT INTO `biblivirti`.`areainteresse` (`ainid`, `aicdesc`, `aidcadt`, `aidaldt`) VALUES (8, 'Português', '2016-12-21 15:49:29', '2016-12-21 15:49:29');
INSERT INTO `biblivirti`.`areainteresse` (`ainid`, `aicdesc`, `aidcadt`, `aidaldt`) VALUES (9, 'Geografia', '2016-12-21 15:49:29', '2016-12-21 15:49:29');
INSERT INTO `biblivirti`.`areainteresse` (`ainid`, `aicdesc`, `aidcadt`, `aidaldt`) VALUES (10, 'Direito', '2016-12-21 15:49:29', '2016-12-21 15:49:29');
INSERT INTO `biblivirti`.`areainteresse` (`ainid`, `aicdesc`, `aidcadt`, `aidaldt`) VALUES (11, 'Contabilidade', '2016-12-21 15:49:29', '2016-12-21 15:49:29');
INSERT INTO `biblivirti`.`areainteresse` (`ainid`, `aicdesc`, `aidcadt`, `aidaldt`) VALUES (12, 'Economia', '2016-12-21 15:49:29', '2016-12-21 15:49:29');
INSERT INTO `biblivirti`.`areainteresse` (`ainid`, `aicdesc`, `aidcadt`, `aidaldt`) VALUES (13, 'Zootecnia', '2016-12-21 15:49:29', '2016-12-21 15:49:29');

COMMIT;


-- -----------------------------------------------------
-- Data for table `biblivirti`.`usuario`
-- -----------------------------------------------------
START TRANSACTION;
USE `biblivirti`;
INSERT INTO `biblivirti`.`usuario` (`usnid`, `uscfbid`, `uscnome`, `uscmail`, `usclogn`, `uscsenh`, `uscfoto`, `uscstat`, `usdcadt`, `usdaldt`) VALUES (1, NULL, 'Suporte Biblivirti', 'suporte.biblivirti@gmail.com', 'suportebiblivirti', 'f64c61c5025df0e11b448825282e5d72', NULL, 'A', '2016-12-21 15:49:29', '2016-12-21 15:49:29');
INSERT INTO `biblivirti`.`usuario` (`usnid`, `uscfbid`, `uscnome`, `uscmail`, `usclogn`, `uscsenh`, `uscfoto`, `uscstat`, `usdcadt`, `usdaldt`) VALUES (2, NULL, 'Djalmo Cruz Jr', 'djalmo.cruz@gmail.com', 'djalmocruzjr', '851e09523550c697260ff6820cea3d28', NULL, 'A', '2016-12-21 15:49:29', '2016-12-21 15:49:29');
INSERT INTO `biblivirti`.`usuario` (`usnid`, `uscfbid`, `uscnome`, `uscmail`, `usclogn`, `uscsenh`, `uscfoto`, `uscstat`, `usdcadt`, `usdaldt`) VALUES (3, NULL, 'Luiz Mario Ferreira', 'luizmario32@hotmail.com', 'luizmariodev', 'b0a34919896a856d85ec1fd1bf4ed3c4', NULL, 'A', '2016-12-21 15:49:29', '2016-12-21 15:49:29');
INSERT INTO `biblivirti`.`usuario` (`usnid`, `uscfbid`, `uscnome`, `uscmail`, `usclogn`, `uscsenh`, `uscfoto`, `uscstat`, `usdcadt`, `usdaldt`) VALUES (4, NULL, 'Cynara Carvalho Lira', 'cynaracarvalho@yahoo.com.br', 'cynaracarvalho', '6f15f21a7457ca703b70f7ad196e3418', NULL, 'A', '2016-12-21 15:49:29', '2016-12-21 15:49:29');

COMMIT;


-- -----------------------------------------------------
-- Data for table `biblivirti`.`grupo`
-- -----------------------------------------------------
START TRANSACTION;
USE `biblivirti`;
INSERT INTO `biblivirti`.`grupo` (`grnid`, `grnidai`, `grcnome`, `grcfoto`, `grctipo`, `grcstat`, `grdcadt`, `grdaldt`) VALUES (1, 1, 'Sysmob, Inc', NULL, 'F', 'A', '2016-12-21 15:49:29', '2016-12-21 15:49:29');

COMMIT;


-- -----------------------------------------------------
-- Data for table `biblivirti`.`material`
-- -----------------------------------------------------
START TRANSACTION;
USE `biblivirti`;
INSERT INTO `biblivirti`.`material` (`manid`, `manidgr`, `macdesc`, `mactipo`, `macurl`, `macnivl`, `macstat`, `madcadt`, `madaldt`) VALUES (1, 1, 'Introdução ao Android - Aula 1 - Criando Uma APP de Somar em Android', 'V', 'https://youtu.be/bVnINTGzVH4', NULL, 'A', '2016-12-22 16:12:11', '2016-12-22 16:13:58');
INSERT INTO `biblivirti`.`material` (`manid`, `manidgr`, `macdesc`, `mactipo`, `macurl`, `macnivl`, `macstat`, `madcadt`, `madaldt`) VALUES (2, 1, 'Introdução ao Android - Aula 2 - Liberando o Android do Seu Smartphone Para Programação', 'V', 'https://youtu.be/bgzTcFLE0Fs', NULL, 'A', '2016-12-22 16:12:11', '2016-12-22 16:13:59');
INSERT INTO `biblivirti`.`material` (`manid`, `manidgr`, `macdesc`, `mactipo`, `macurl`, `macnivl`, `macstat`, `madcadt`, `madaldt`) VALUES (3, 1, 'Introdução ao Android - Aula 3 - Ciclo de Vida de Uma Atividade no Android', 'V', 'https://youtu.be/mf-AYyhA0OA', NULL, 'A', '2016-12-22 16:12:11', '2016-12-22 16:13:59');
INSERT INTO `biblivirti`.`material` (`manid`, `manidgr`, `macdesc`, `mactipo`, `macurl`, `macnivl`, `macstat`, `madcadt`, `madaldt`) VALUES (4, 1, 'Introdução ao Android - Aula 4 - Conhecendo o Arquivo AndroidManifest.xml', 'V', 'https://youtu.be/ONuNNWRTzzg', NULL, 'A', '2016-12-22 16:12:11', '2016-12-22 16:13:59');
INSERT INTO `biblivirti`.`material` (`manid`, `manidgr`, `macdesc`, `mactipo`, `macurl`, `macnivl`, `macstat`, `madcadt`, `madaldt`) VALUES (5, 1, 'Introdução ao Android - Aula 5 - Entendendo a Classe R.java do Android', 'V', 'https://youtu.be/p5tCu11SNUs', NULL, 'A', '2016-12-22 16:12:11', '2016-12-22 16:13:59');
INSERT INTO `biblivirti`.`material` (`manid`, `manidgr`, `macdesc`, `mactipo`, `macurl`, `macnivl`, `macstat`, `madcadt`, `madaldt`) VALUES (6, 1, 'Introdução ao Android - Aula 6 - Entendendo a Classe R.java do Android', 'V', 'https://youtu.be/mvEngZip2x0', NULL, 'A', '2016-12-22 16:12:11', '2016-12-22 16:13:59');
INSERT INTO `biblivirti`.`material` (`manid`, `manidgr`, `macdesc`, `mactipo`, `macurl`, `macnivl`, `macstat`, `madcadt`, `madaldt`) VALUES (7, 1, 'Introdução ao Android - Aula 7 - Classe Intent e o Conceito de Pilha em Android', 'V', 'https://youtu.be/Up2Hoqa66I8', NULL, 'A', '2016-12-22 16:12:11', '2016-12-22 16:13:59');
INSERT INTO `biblivirti`.`material` (`manid`, `manidgr`, `macdesc`, `mactipo`, `macurl`, `macnivl`, `macstat`, `madcadt`, `madaldt`) VALUES (8, 1, 'Introdução ao Android - Aula 8 - Entendendo e Utilizando IntentFilter no Android', 'V', 'https://youtu.be/_utlz5-zzEc', NULL, 'A', '2016-12-22 16:12:11', '2016-12-22 16:13:59');
INSERT INTO `biblivirti`.`material` (`manid`, `manidgr`, `macdesc`, `mactipo`, `macurl`, `macnivl`, `macstat`, `madcadt`, `madaldt`) VALUES (9, 1, 'Introdução ao Android - Aula 9 - Enviando e Recebendo Dados Entre Activities em Android', 'V', 'https://youtu.be/4BEYAfOkCts', NULL, 'A', '2016-12-22 16:12:11', '2016-12-22 16:13:59');
INSERT INTO `biblivirti`.`material` (`manid`, `manidgr`, `macdesc`, `mactipo`, `macurl`, `macnivl`, `macstat`, `madcadt`, `madaldt`) VALUES (10, 1, 'Introdução ao Android - Aula 10 - Enviando e Recebendo Dados Entre Activities em Android', 'V', 'https://youtu.be/n9hGZN8YWqE', NULL, 'A', '2016-12-22 16:12:11', '2016-12-22 16:13:59');
INSERT INTO `biblivirti`.`material` (`manid`, `manidgr`, `macdesc`, `mactipo`, `macurl`, `macnivl`, `macstat`, `madcadt`, `madaldt`) VALUES (11, 1, 'Introdução ao Android - Aula 11 - onSaveInstanceState, Bitmap e Serializable no Android. Correção', 'V', 'https://youtu.be/XNM_IqoFN9s', NULL, 'A', '2016-12-22 16:12:11', '2016-12-22 16:13:59');
INSERT INTO `biblivirti`.`material` (`manid`, `manidgr`, `macdesc`, `mactipo`, `macurl`, `macnivl`, `macstat`, `madcadt`, `madaldt`) VALUES (12, 1, 'Introdução ao Android - Aula 12 - Parcelable no Android, Entendendo e Utilizando', 'V', 'https://youtu.be/8L-WZcuhFBY', NULL, 'A', '2016-12-22 16:12:11', '2016-12-22 16:13:59');
INSERT INTO `biblivirti`.`material` (`manid`, `manidgr`, `macdesc`, `mactipo`, `macurl`, `macnivl`, `macstat`, `madcadt`, `madaldt`) VALUES (13, 1, 'Introdução ao Android - Aula 13 - Entendendo a Thread Principal de Uma APP Android', 'V', 'https://youtu.be/v0LssmKmi3M', NULL, 'A', '2016-12-22 16:12:11', '2016-12-22 16:13:59');
INSERT INTO `biblivirti`.`material` (`manid`, `manidgr`, `macdesc`, `mactipo`, `macurl`, `macnivl`, `macstat`, `madcadt`, `madaldt`) VALUES (14, 1, 'Introdução ao Android - Aula 14 - runOnUiThread, Atalho de Acesso a Thread Principal no Android', 'V', 'https://youtu.be/-EzANvReOok', NULL, 'A', '2016-12-22 16:12:11', '2016-12-22 16:13:59');
INSERT INTO `biblivirti`.`material` (`manid`, `manidgr`, `macdesc`, `mactipo`, `macurl`, `macnivl`, `macstat`, `madcadt`, `madaldt`) VALUES (15, 1, 'Introdução ao Android - Aula 15 - Application Class no Android, Entendendo e Utilizando', 'V', 'https://youtu.be/tF2AS8Lm-Yc', NULL, 'A', '2016-12-22 16:12:11', '2016-12-22 16:13:59');
INSERT INTO `biblivirti`.`material` (`manid`, `manidgr`, `macdesc`, `mactipo`, `macurl`, `macnivl`, `macstat`, `madcadt`, `madaldt`) VALUES (16, 1, 'Introdução ao Android - Aula 16 - Fragments no Android, Trabalhando com Múltiplas Activities', 'V', 'https://youtu.be/fI757OOTZfM', NULL, 'A', '2016-12-22 16:12:11', '2016-12-22 16:13:59');
INSERT INTO `biblivirti`.`material` (`manid`, `manidgr`, `macdesc`, `mactipo`, `macurl`, `macnivl`, `macstat`, `madcadt`, `madaldt`) VALUES (17, 1, 'Introdução ao Android - Aula 17 - Ciclo de Vida e Otimização de Fragments no Android', 'V', 'https://youtu.be/v7uVghlmWaM', NULL, 'A', '2016-12-22 16:12:11', '2016-12-22 16:13:59');
INSERT INTO `biblivirti`.`material` (`manid`, `manidgr`, `macdesc`, `mactipo`, `macurl`, `macnivl`, `macstat`, `madcadt`, `madaldt`) VALUES (18, 1, 'Introdução ao Android - Aula 18 - BroadcastReceiver no Android, Executando Tarefas no Background', 'V', 'https://youtu.be/hVXHYf0SrMU', NULL, 'A', '2016-12-22 16:12:11', '2016-12-22 16:13:59');
INSERT INTO `biblivirti`.`material` (`manid`, `manidgr`, `macdesc`, `mactipo`, `macurl`, `macnivl`, `macstat`, `madcadt`, `madaldt`) VALUES (19, 1, 'Introdução ao Android - Aula 19 - Service no Android, Entendendo e Utilizando', 'V', 'https://youtu.be/7EL1gLa4yl0', NULL, 'A', '2016-12-22 16:12:11', '2016-12-22 16:13:59');
INSERT INTO `biblivirti`.`material` (`manid`, `manidgr`, `macdesc`, `mactipo`, `macurl`, `macnivl`, `macstat`, `madcadt`, `madaldt`) VALUES (20, 1, 'Introdução ao Android - Aula 20 - Utilizando BindService com Service no Android', 'V', 'https://youtu.be/ku8KSGtQs-k', NULL, 'A', '2016-12-22 16:12:11', '2016-12-22 16:13:59');
INSERT INTO `biblivirti`.`material` (`manid`, `manidgr`, `macdesc`, `mactipo`, `macurl`, `macnivl`, `macstat`, `madcadt`, `madaldt`) VALUES (21, 1, 'Introdução ao Android - Aula 21 - IntentService no Android, Entendendo e Utilizando', 'V', 'https://youtu.be/nk-IBkqXi4E', NULL, 'A', '2016-12-22 16:12:11', '2016-12-22 16:13:59');
INSERT INTO `biblivirti`.`material` (`manid`, `manidgr`, `macdesc`, `mactipo`, `macurl`, `macnivl`, `macstat`, `madcadt`, `madaldt`) VALUES (22, 1, 'Introdução ao Android - Aula 22 - Entendendo e Utilizando a Classe Log Com o LogCat no Android', 'V', 'https://youtu.be/6rbcYp82taI', NULL, 'A', '2016-12-22 16:12:11', '2016-12-22 16:13:59');
INSERT INTO `biblivirti`.`material` (`manid`, `manidgr`, `macdesc`, `mactipo`, `macurl`, `macnivl`, `macstat`, `madcadt`, `madaldt`) VALUES (23, 1, 'Introdução ao Android - Aula 23 - Entendendo e Utilizando o ConfigChanges no Android', 'V', 'https://youtu.be/nuky_Wfu-9E', NULL, 'A', '2016-12-22 16:12:11', '2016-12-22 16:13:59');
INSERT INTO `biblivirti`.`material` (`manid`, `manidgr`, `macdesc`, `mactipo`, `macurl`, `macnivl`, `macstat`, `madcadt`, `madaldt`) VALUES (24, 1, 'Introdução ao Android - Aula 24 - View: Entendendo os Componentes Visuais no Android', 'V', 'https://youtu.be/2b18zJmkKKU', NULL, 'A', '2016-12-22 16:12:11', '2016-12-22 16:13:59');
INSERT INTO `biblivirti`.`material` (`manid`, `manidgr`, `macdesc`, `mactipo`, `macurl`, `macnivl`, `macstat`, `madcadt`, `madaldt`) VALUES (25, 1, 'Introdução ao Android - Aula 25 - LinearLayout no Android, Entendendo e Utilizando', 'V', 'https://youtu.be/IVHaBtw-rBw', NULL, 'A', '2016-12-22 16:12:11', '2016-12-22 16:13:59');
INSERT INTO `biblivirti`.`material` (`manid`, `manidgr`, `macdesc`, `mactipo`, `macurl`, `macnivl`, `macstat`, `madcadt`, `madaldt`) VALUES (26, 1, 'Introdução ao Android - Aula 26 - RelativeLayout no Android, Entendendo e Utilizando', 'V', 'https://youtu.be/rNyrFNxVwZs', NULL, 'A', '2016-12-22 16:12:11', '2016-12-22 16:13:59');
INSERT INTO `biblivirti`.`material` (`manid`, `manidgr`, `macdesc`, `mactipo`, `macurl`, `macnivl`, `macstat`, `madcadt`, `madaldt`) VALUES (27, 1, 'Introdução ao Android - Aula 27 - Entendendo e Utilizando o FrameLayout no Android', 'V', 'https://youtu.be/kH972aqmmrc', NULL, 'A', '2016-12-22 16:12:11', '2016-12-22 16:13:59');
INSERT INTO `biblivirti`.`material` (`manid`, `manidgr`, `macdesc`, `mactipo`, `macurl`, `macnivl`, `macstat`, `madcadt`, `madaldt`) VALUES (28, 1, 'Introdução ao Android - Aula 28 - ConstraintLayout, Melhor Performance no Android', 'V', 'https://youtu.be/AZGzzn0ZcWA', NULL, 'A', '2016-12-22 16:12:11', '2016-12-22 16:13:59');
INSERT INTO `biblivirti`.`material` (`manid`, `manidgr`, `macdesc`, `mactipo`, `macurl`, `macnivl`, `macstat`, `madcadt`, `madaldt`) VALUES (29, 1, 'Introdução ao Android - Aula 29 - BaseAdapter no Android, Entendendo e Utilizando', 'V', 'https://youtu.be/gr-ZVoFGyMo', NULL, 'A', '2016-12-22 16:12:11', '2016-12-22 16:13:59');
INSERT INTO `biblivirti`.`material` (`manid`, `manidgr`, `macdesc`, `mactipo`, `macurl`, `macnivl`, `macstat`, `madcadt`, `madaldt`) VALUES (30, 1, 'Introdução ao Android - Aula 30 - TableLayout no Android, Entendendo e Utilizando', 'V', 'https://youtu.be/uraTGUn-Tzk', NULL, 'A', '2016-12-22 16:12:11', '2016-12-22 16:13:59');
INSERT INTO `biblivirti`.`material` (`manid`, `manidgr`, `macdesc`, `mactipo`, `macurl`, `macnivl`, `macstat`, `madcadt`, `madaldt`) VALUES (31, 1, 'Introdução ao Android - Aula 31 - ScrollView e HorizontalScrollView no Android, Entendendo e Utiliza', 'V', 'https://youtu.be/zQsFhmB09kg', NULL, 'A', '2016-12-22 16:12:11', '2016-12-22 16:13:59');
INSERT INTO `biblivirti`.`material` (`manid`, `manidgr`, `macdesc`, `mactipo`, `macurl`, `macnivl`, `macstat`, `madcadt`, `madaldt`) VALUES (32, 1, 'Introdução ao Android - Aula 32 - SimpleAdapter no ListView, Entendendo e Utilizando no Android', 'V', 'https://youtu.be/HHrHUUlYVpM', NULL, 'A', '2016-12-22 16:12:11', '2016-12-22 16:13:59');
INSERT INTO `biblivirti`.`material` (`manid`, `manidgr`, `macdesc`, `mactipo`, `macurl`, `macnivl`, `macstat`, `madcadt`, `madaldt`) VALUES (33, 1, 'Introdução ao Android - Aula 33 - ListView, Entendendo e Utilizando no Android', 'V', 'https://youtu.be/cvqR-_VDCsE', NULL, 'A', '2016-12-22 16:12:11', '2016-12-22 16:13:59');
INSERT INTO `biblivirti`.`material` (`manid`, `manidgr`, `macdesc`, `mactipo`, `macurl`, `macnivl`, `macstat`, `madcadt`, `madaldt`) VALUES (34, 1, 'Introdução ao Android - Aula 34 - GridView no Android, Entendendo e Utilizando', 'V', 'https://youtu.be/ZQhea4DWcAU', NULL, 'A', '2016-12-22 16:12:11', '2016-12-22 16:13:59');
INSERT INTO `biblivirti`.`material` (`manid`, `manidgr`, `macdesc`, `mactipo`, `macurl`, `macnivl`, `macstat`, `madcadt`, `madaldt`) VALUES (35, 1, 'Introdução ao Android - Aula 35 - Spinner (ou Select) no Android, Entendendo e Utilizando', 'V', 'https://youtu.be/uDsoMMtnl9I', NULL, 'A', '2016-12-22 16:12:11', '2016-12-22 16:13:59');
INSERT INTO `biblivirti`.`material` (`manid`, `manidgr`, `macdesc`, `mactipo`, `macurl`, `macnivl`, `macstat`, `madcadt`, `madaldt`) VALUES (36, 1, 'Introdução ao Android - Aula 36 - Style, String, Dimen, Color e WindowNoTitle no Android, Entendendo', 'V', 'https://youtu.be/T2eR-181EkQ', NULL, 'A', '2016-12-22 16:12:11', '2016-12-22 16:13:59');
INSERT INTO `biblivirti`.`material` (`manid`, `manidgr`, `macdesc`, `mactipo`, `macurl`, `macnivl`, `macstat`, `madcadt`, `madaldt`) VALUES (37, 1, 'Introdução ao Android - Aula 37 - Suporte de Tela com Drawable DPI no Android', 'V', 'https://youtu.be/EmMAgASpO-o', NULL, 'A', '2016-12-22 16:12:11', '2016-12-22 16:13:59');
INSERT INTO `biblivirti`.`material` (`manid`, `manidgr`, `macdesc`, `mactipo`, `macurl`, `macnivl`, `macstat`, `madcadt`, `madaldt`) VALUES (38, 1, 'Introdução ao Android - Aula 38 - 9-Patch no Android, Mantendo a Qualidade de Imagens de Background', 'V', 'https://youtu.be/38dZO3PF2Pg', NULL, 'A', '2016-12-22 16:12:11', '2016-12-22 16:13:59');
INSERT INTO `biblivirti`.`material` (`manid`, `manidgr`, `macdesc`, `mactipo`, `macurl`, `macnivl`, `macstat`, `madcadt`, `madaldt`) VALUES (39, 1, 'Introdução ao Android - Aula 39 - WebView no Android, Entendendo e Utilizando', 'V', 'https://youtu.be/zBiEjvzPkvg', NULL, 'A', '2016-12-22 16:12:11', '2016-12-22 16:13:59');
INSERT INTO `biblivirti`.`material` (`manid`, `manidgr`, `macdesc`, `mactipo`, `macurl`, `macnivl`, `macstat`, `madcadt`, `madaldt`) VALUES (40, 1, 'Introdução ao Android - Aula 40 - Integrando WebView Android Com JavaScript de Uma WebPage', 'V', 'https://youtu.be/CqpBdCfZLUY', NULL, 'A', '2016-12-22 16:12:11', '2016-12-22 16:13:59');
INSERT INTO `biblivirti`.`material` (`manid`, `manidgr`, `macdesc`, `mactipo`, `macurl`, `macnivl`, `macstat`, `madcadt`, `madaldt`) VALUES (41, 1, 'Introdução ao Android - Aula 41 - Monitoramento de Inicio e Fim de Carregamento de Página no WebView', 'V', 'https://youtu.be/F8fW7kLt2Ok', NULL, 'A', '2016-12-22 16:12:11', '2016-12-22 16:13:59');
INSERT INTO `biblivirti`.`material` (`manid`, `manidgr`, `macdesc`, `mactipo`, `macurl`, `macnivl`, `macstat`, `madcadt`, `madaldt`) VALUES (42, 1, 'Introdução ao Android - Aula 42 - Sistema de Permissões em Tempo de Execução, Android M', 'V', 'https://youtu.be/gLI_jopCS3Y', NULL, 'A', '2016-12-22 16:12:11', '2016-12-22 16:13:59');
INSERT INTO `biblivirti`.`material` (`manid`, `manidgr`, `macdesc`, `mactipo`, `macurl`, `macnivl`, `macstat`, `madcadt`, `madaldt`) VALUES (43, 1, 'Introdução ao Android - Aula 43 - VideoView no Android, Entendendo e Utilizando', 'V', 'https://youtu.be/Be349NI_sPU', NULL, 'A', '2016-12-22 16:12:11', '2016-12-22 16:13:59');
INSERT INTO `biblivirti`.`material` (`manid`, `manidgr`, `macdesc`, `mactipo`, `macurl`, `macnivl`, `macstat`, `madcadt`, `madaldt`) VALUES (44, 1, 'Introdução ao Android - Aula 44 - VideoView Com Vídeo Interno a APP Android', 'V', 'https://youtu.be/8IL4Cr3_n28', NULL, 'A', '2016-12-22 16:12:11', '2016-12-22 16:13:59');
INSERT INTO `biblivirti`.`material` (`manid`, `manidgr`, `macdesc`, `mactipo`, `macurl`, `macnivl`, `macstat`, `madcadt`, `madaldt`) VALUES (45, 1, 'Introdução ao Android - Aula 45 - ImageSwitcher no Android, Entendendo e Utilizando', 'V', 'https://youtu.be/dpg-hQeJ49o', NULL, 'A', '2016-12-22 16:12:11', '2016-12-22 16:13:59');
INSERT INTO `biblivirti`.`material` (`manid`, `manidgr`, `macdesc`, `mactipo`, `macurl`, `macnivl`, `macstat`, `madcadt`, `madaldt`) VALUES (46, 1, 'Introdução ao Android - Aula 46 - ViewPager no Android, Entendendo e Utilizando', 'V', 'https://youtu.be/Uv1a9LBLVVI', NULL, 'A', '2016-12-22 16:12:11', '2016-12-22 16:13:59');
INSERT INTO `biblivirti`.`material` (`manid`, `manidgr`, `macdesc`, `mactipo`, `macurl`, `macnivl`, `macstat`, `madcadt`, `madaldt`) VALUES (47, 1, 'Introdução ao Android - Aula 47 - Assinando Uma APP Android e Publicando na Play Store', 'V', 'https://youtu.be/Rj1w9atPpHk', NULL, 'A', '2016-12-22 16:12:11', '2016-12-22 16:13:59');
INSERT INTO `biblivirti`.`material` (`manid`, `manidgr`, `macdesc`, `mactipo`, `macurl`, `macnivl`, `macstat`, `madcadt`, `madaldt`) VALUES (48, 1, 'Introdução ao Android - Aula 48 - Toolbar, Material Design Android - Parte 1', 'V', 'https://youtu.be/uMR0X4bUMrY', NULL, 'A', '2016-12-22 16:12:11', '2016-12-22 16:13:59');
INSERT INTO `biblivirti`.`material` (`manid`, `manidgr`, `macdesc`, `mactipo`, `macurl`, `macnivl`, `macstat`, `madcadt`, `madaldt`) VALUES (49, 1, 'Introdução ao Android - Aula 49 - RecyclerView, Material Design Android - Parte 2', 'V', 'https://youtu.be/PMX7zRD3dhg', NULL, 'A', '2016-12-22 16:12:11', '2016-12-22 16:13:59');
INSERT INTO `biblivirti`.`material` (`manid`, `manidgr`, `macdesc`, `mactipo`, `macurl`, `macnivl`, `macstat`, `madcadt`, `madaldt`) VALUES (50, 1, 'Introdução ao Android - Aula 50 - Animação, onLongPress e GridLayoutManager em RecyclerView, Materia', 'V', 'https://youtu.be/XNYA4sKWkdE', NULL, 'A', '2016-12-22 16:12:11', '2016-12-22 16:13:59');
INSERT INTO `biblivirti`.`material` (`manid`, `manidgr`, `macdesc`, `mactipo`, `macurl`, `macnivl`, `macstat`, `madcadt`, `madaldt`) VALUES (51, 1, 'Introdução ao Android - Aula 51 - Utilizando CardView, Material Design Android - Parte 4', 'V', 'https://youtu.be/3MxkUqUEijY', NULL, 'A', '2016-12-22 16:12:11', '2016-12-22 16:13:59');
INSERT INTO `biblivirti`.`material` (`manid`, `manidgr`, `macdesc`, `mactipo`, `macurl`, `macnivl`, `macstat`, `madcadt`, `madaldt`) VALUES (52, 1, 'Introdução ao Android - Aula 52 - Utilizando NavigationDrawer, Material Design Android - Parte 5', 'V', 'https://youtu.be/2xpA1bY_TX4', NULL, 'A', '2016-12-22 16:12:11', '2016-12-22 16:13:59');
INSERT INTO `biblivirti`.`material` (`manid`, `manidgr`, `macdesc`, `mactipo`, `macurl`, `macnivl`, `macstat`, `madcadt`, `madaldt`) VALUES (53, 1, 'Introdução ao Android - Aula 53 - Material Dialog, Correção Bug StatusBar e Ações nos Fragments. Mat', 'V', 'https://youtu.be/pL1TmJM_7Pw', NULL, 'A', '2016-12-22 16:12:11', '2016-12-22 16:13:59');
INSERT INTO `biblivirti`.`material` (`manid`, `manidgr`, `macdesc`, `mactipo`, `macurl`, `macnivl`, `macstat`, `madcadt`, `madaldt`) VALUES (54, 1, 'Introdução ao Android - Aula 54 - Sliding Tabs Toolbar, Material Design Android - Parte 8', 'V', 'https://youtu.be/2dOq9HDY1r8', NULL, 'A', '2016-12-22 16:12:11', '2016-12-22 16:13:59');
INSERT INTO `biblivirti`.`material` (`manid`, `manidgr`, `macdesc`, `mactipo`, `macurl`, `macnivl`, `macstat`, `madcadt`, `madaldt`) VALUES (55, 1, 'Introdução ao Android - Aula 55 - SwipeRefreshLayout e Snackbar, Material Design Android - Parte 9', 'V', 'https://youtu.be/B4ZjwKXY8Ds', NULL, 'A', '2016-12-22 16:12:11', '2016-12-22 16:13:59');
INSERT INTO `biblivirti`.`material` (`manid`, `manidgr`, `macdesc`, `mactipo`, `macurl`, `macnivl`, `macstat`, `madcadt`, `madaldt`) VALUES (56, 1, 'Introdução ao Android - Aula 56 - Design Support Library e CollapsingToolbarLayout, Material Design ', 'V', 'https://youtu.be/SxBJON_JsOo', 'NULL', 'A', '2016-12-22 16:12:11', '2016-12-22 16:13:59');
INSERT INTO `biblivirti`.`material` (`manid`, `manidgr`, `macdesc`, `mactipo`, `macurl`, `macnivl`, `macstat`, `madcadt`, `madaldt`) VALUES (57, 1, 'Introdução ao Android - Aula 57 - Buscas Com SearchView e SearchRecentSuggestions. Material Design A', 'V', 'https://youtu.be/9dPZehy65oQ', NULL, 'A', '2016-12-22 16:12:11', '2016-12-22 16:13:59');
INSERT INTO `biblivirti`.`material` (`manid`, `manidgr`, `macdesc`, `mactipo`, `macurl`, `macnivl`, `macstat`, `madcadt`, `madaldt`) VALUES (58, 1, 'Introdução ao Android - Aula 58 - AppWidget. Material Design Android - Parte 14', 'V', 'https://youtu.be/SAqzgzShRhk', NULL, 'A', '2016-12-22 16:12:11', '2016-12-22 16:13:59');
INSERT INTO `biblivirti`.`material` (`manid`, `manidgr`, `macdesc`, `mactipo`, `macurl`, `macnivl`, `macstat`, `madcadt`, `madaldt`) VALUES (59, 1, 'Introdução ao Android - Aula 59 - Date e Time PickerDialog. Material Design Android - Parte 16', 'V', 'https://youtu.be/uG_VwHFdDkw', NULL, 'A', '2016-12-22 16:12:11', '2016-12-22 16:13:59');
INSERT INTO `biblivirti`.`material` (`manid`, `manidgr`, `macdesc`, `mactipo`, `macurl`, `macnivl`, `macstat`, `madcadt`, `madaldt`) VALUES (60, 1, 'Introdução ao Android - Aula 60 - ContextMenu no RecyclerView. Material Design Android - Parte 17', 'V', 'https://youtu.be/3Zg8bSiFztg', NULL, 'A', '2016-12-22 16:12:11', '2016-12-22 16:13:59');
INSERT INTO `biblivirti`.`material` (`manid`, `manidgr`, `macdesc`, `mactipo`, `macurl`, `macnivl`, `macstat`, `madcadt`, `madaldt`) VALUES (61, 1, 'Introdução ao Android - Aula 61 - Utilizando BottomSheet Material Design no Android', 'V', 'https://youtu.be/6JZSDvFEqm8', NULL, 'A', '2016-12-22 16:12:11', '2016-12-22 16:13:59');
INSERT INTO `biblivirti`.`material` (`manid`, `manidgr`, `macdesc`, `mactipo`, `macurl`, `macnivl`, `macstat`, `madcadt`, `madaldt`) VALUES (62, 1, 'Introdução ao Android - Aula 62 - TextInputLayout e Envio de Email no Android com PHPMailer e AWS SE', 'V', 'https://youtu.be/SLBb8vtclDo', NULL, 'A', '2016-12-22 16:12:11', '2016-12-22 16:13:59');
INSERT INTO `biblivirti`.`material` (`manid`, `manidgr`, `macdesc`, `mactipo`, `macurl`, `macnivl`, `macstat`, `madcadt`, `madaldt`) VALUES (63, 1, 'Simulado 1 - Introdução ao Desenvolvimento Android', 'S', NULL, 'B', 'A', '2016-12-22 16:28:18', '2016-12-22 16:28:18');
INSERT INTO `biblivirti`.`material` (`manid`, `manidgr`, `macdesc`, `mactipo`, `macurl`, `macnivl`, `macstat`, `madcadt`, `madaldt`) VALUES (64, 1, 'Simulado 2 - Introdução ao Android: Conhecimentos Básicos', 'S', NULL, 'B', 'A', '2016-12-22 16:28:18', '2016-12-22 16:28:18');
INSERT INTO `biblivirti`.`material` (`manid`, `manidgr`, `macdesc`, `mactipo`, `macurl`, `macnivl`, `macstat`, `madcadt`, `madaldt`) VALUES (65, 1, 'Simulado 3 - Introdução ao Android: Views e Layouts', 'S', NULL, 'I', 'A', '2016-12-22 16:28:18', '2016-12-22 16:28:18');
INSERT INTO `biblivirti`.`material` (`manid`, `manidgr`, `macdesc`, `mactipo`, `macurl`, `macnivl`, `macstat`, `madcadt`, `madaldt`) VALUES (66, 1, 'Simulado 4 - Introdução ao Android: Material Design', 'S', NULL, 'I', 'A', '2016-12-22 16:28:18', '2016-12-22 16:28:18');

COMMIT;


-- -----------------------------------------------------
-- Data for table `biblivirti`.`comentario`
-- -----------------------------------------------------
START TRANSACTION;
USE `biblivirti`;
INSERT INTO `biblivirti`.`comentario` (`cenid`, `cenidus`, `cenidma`, `cenidce`, `cectext`, `cecanex`, `cecstat`, `cedcadt`, `cedaldt`) VALUES (1, 1, 1, NULL, 'Comentário 1', NULL, 'A', DEFAULT, DEFAULT);
INSERT INTO `biblivirti`.`comentario` (`cenid`, `cenidus`, `cenidma`, `cenidce`, `cectext`, `cecanex`, `cecstat`, `cedcadt`, `cedaldt`) VALUES (2, 2, 2, NULL, 'Comentário 2', NULL, 'A', DEFAULT, DEFAULT);
INSERT INTO `biblivirti`.`comentario` (`cenid`, `cenidus`, `cenidma`, `cenidce`, `cectext`, `cecanex`, `cecstat`, `cedcadt`, `cedaldt`) VALUES (3, 3, 3, NULL, 'Comentário 3', NULL, 'A', DEFAULT, DEFAULT);
INSERT INTO `biblivirti`.`comentario` (`cenid`, `cenidus`, `cenidma`, `cenidce`, `cectext`, `cecanex`, `cecstat`, `cedcadt`, `cedaldt`) VALUES (4, 4, 4, NULL, 'Comentário 4', NULL, 'A', DEFAULT, DEFAULT);
INSERT INTO `biblivirti`.`comentario` (`cenid`, `cenidus`, `cenidma`, `cenidce`, `cectext`, `cecanex`, `cecstat`, `cedcadt`, `cedaldt`) VALUES (5, 1, 5, NULL, 'Comentário 5', NULL, 'A', DEFAULT, DEFAULT);
INSERT INTO `biblivirti`.`comentario` (`cenid`, `cenidus`, `cenidma`, `cenidce`, `cectext`, `cecanex`, `cecstat`, `cedcadt`, `cedaldt`) VALUES (6, 2, 6, NULL, 'Comentário 6', NULL, 'A', DEFAULT, DEFAULT);
INSERT INTO `biblivirti`.`comentario` (`cenid`, `cenidus`, `cenidma`, `cenidce`, `cectext`, `cecanex`, `cecstat`, `cedcadt`, `cedaldt`) VALUES (7, 3, 7, NULL, 'Comentário 7', NULL, 'A', DEFAULT, DEFAULT);
INSERT INTO `biblivirti`.`comentario` (`cenid`, `cenidus`, `cenidma`, `cenidce`, `cectext`, `cecanex`, `cecstat`, `cedcadt`, `cedaldt`) VALUES (8, 4, 8, NULL, 'Comentário 8', NULL, 'A', DEFAULT, DEFAULT);
INSERT INTO `biblivirti`.`comentario` (`cenid`, `cenidus`, `cenidma`, `cenidce`, `cectext`, `cecanex`, `cecstat`, `cedcadt`, `cedaldt`) VALUES (9, 1, 9, NULL, 'Comentário 9', NULL, 'A', DEFAULT, DEFAULT);
INSERT INTO `biblivirti`.`comentario` (`cenid`, `cenidus`, `cenidma`, `cenidce`, `cectext`, `cecanex`, `cecstat`, `cedcadt`, `cedaldt`) VALUES (10, 2, 10, NULL, 'Comentário 10', NULL, 'A', DEFAULT, DEFAULT);
INSERT INTO `biblivirti`.`comentario` (`cenid`, `cenidus`, `cenidma`, `cenidce`, `cectext`, `cecanex`, `cecstat`, `cedcadt`, `cedaldt`) VALUES (11, 3, 11, NULL, 'Comentário 11', NULL, 'A', DEFAULT, DEFAULT);
INSERT INTO `biblivirti`.`comentario` (`cenid`, `cenidus`, `cenidma`, `cenidce`, `cectext`, `cecanex`, `cecstat`, `cedcadt`, `cedaldt`) VALUES (12, 4, 12, NULL, 'Comentário 12', NULL, 'A', DEFAULT, DEFAULT);
INSERT INTO `biblivirti`.`comentario` (`cenid`, `cenidus`, `cenidma`, `cenidce`, `cectext`, `cecanex`, `cecstat`, `cedcadt`, `cedaldt`) VALUES (13, 2, 1, 1, 'Resposta 1', NULL, 'A', DEFAULT, DEFAULT);
INSERT INTO `biblivirti`.`comentario` (`cenid`, `cenidus`, `cenidma`, `cenidce`, `cectext`, `cecanex`, `cecstat`, `cedcadt`, `cedaldt`) VALUES (14, 3, 2, 2, 'Resposta 2', NULL, 'A', DEFAULT, DEFAULT);
INSERT INTO `biblivirti`.`comentario` (`cenid`, `cenidus`, `cenidma`, `cenidce`, `cectext`, `cecanex`, `cecstat`, `cedcadt`, `cedaldt`) VALUES (15, 4, 3, 3, 'Resposta 3', NULL, 'A', DEFAULT, DEFAULT);
INSERT INTO `biblivirti`.`comentario` (`cenid`, `cenidus`, `cenidma`, `cenidce`, `cectext`, `cecanex`, `cecstat`, `cedcadt`, `cedaldt`) VALUES (16, 1, 4, 4, 'Resposta 4', NULL, 'A', DEFAULT, DEFAULT);
INSERT INTO `biblivirti`.`comentario` (`cenid`, `cenidus`, `cenidma`, `cenidce`, `cectext`, `cecanex`, `cecstat`, `cedcadt`, `cedaldt`) VALUES (17, 2, 5, 5, 'Resposta 5', NULL, 'A', DEFAULT, DEFAULT);
INSERT INTO `biblivirti`.`comentario` (`cenid`, `cenidus`, `cenidma`, `cenidce`, `cectext`, `cecanex`, `cecstat`, `cedcadt`, `cedaldt`) VALUES (18, 3, 6, 6, 'Resposta 6', NULL, 'A', DEFAULT, DEFAULT);
INSERT INTO `biblivirti`.`comentario` (`cenid`, `cenidus`, `cenidma`, `cenidce`, `cectext`, `cecanex`, `cecstat`, `cedcadt`, `cedaldt`) VALUES (19, 4, 7, 7, 'Resposta 7', NULL, 'A', DEFAULT, DEFAULT);
INSERT INTO `biblivirti`.`comentario` (`cenid`, `cenidus`, `cenidma`, `cenidce`, `cectext`, `cecanex`, `cecstat`, `cedcadt`, `cedaldt`) VALUES (20, 1, 8, 8, 'Resposta 8', NULL, 'A', DEFAULT, DEFAULT);

COMMIT;


-- -----------------------------------------------------
-- Data for table `biblivirti`.`conteudo`
-- -----------------------------------------------------
START TRANSACTION;
USE `biblivirti`;
INSERT INTO `biblivirti`.`conteudo` (`conid`, `conidgr`, `cocdesc`, `codcadt`, `codaldt`) VALUES (1, 1, 'Introdução ao Desenvolvimento Android', '2016-12-22 16:17:25', '2016-12-22 15:33:45');
INSERT INTO `biblivirti`.`conteudo` (`conid`, `conidgr`, `cocdesc`, `codcadt`, `codaldt`) VALUES (2, 1, 'Introdução ao Android: Conhecimentos Básicos', '2016-12-22 16:17:25', '2016-12-22 15:33:45');
INSERT INTO `biblivirti`.`conteudo` (`conid`, `conidgr`, `cocdesc`, `codcadt`, `codaldt`) VALUES (3, 1, 'Introdução ao Android: Views e Layouts', '2016-12-22 16:17:25', '2016-12-22 15:33:45');
INSERT INTO `biblivirti`.`conteudo` (`conid`, `conidgr`, `cocdesc`, `codcadt`, `codaldt`) VALUES (4, 1, 'Introdução ao Android: Material Design', '2016-12-22 16:17:25', '2016-12-22 15:33:45');
INSERT INTO `biblivirti`.`conteudo` (`conid`, `conidgr`, `cocdesc`, `codcadt`, `codaldt`) VALUES (5, 1, 'Introdução ao Android: Persistência de Dados', '2016-12-22 16:17:25', '2016-12-22 15:33:45');
INSERT INTO `biblivirti`.`conteudo` (`conid`, `conidgr`, `cocdesc`, `codcadt`, `codaldt`) VALUES (6, 1, 'Introdução ao Android: Recursos de Rede', '2016-12-22 16:17:25', '2016-12-22 15:33:45');
INSERT INTO `biblivirti`.`conteudo` (`conid`, `conidgr`, `cocdesc`, `codcadt`, `codaldt`) VALUES (7, 1, 'Introdução ao Android: Recursos de Comunicação e Outras Views de Contextos mais Específicos', '2016-12-22 16:17:25', '2016-12-22 15:33:45');
INSERT INTO `biblivirti`.`conteudo` (`conid`, `conidgr`, `cocdesc`, `codcadt`, `codaldt`) VALUES (8, 1, 'Introdução ao Android: Alertas, Notificações e Push Message', '2016-12-22 16:17:25', '2016-12-22 15:33:45');
INSERT INTO `biblivirti`.`conteudo` (`conid`, `conidgr`, `cocdesc`, `codcadt`, `codaldt`) VALUES (9, 1, 'Introdução ao Android: Monetização de App\'s', '2016-12-22 16:17:25', '2016-12-22 15:33:45');
INSERT INTO `biblivirti`.`conteudo` (`conid`, `conidgr`, `cocdesc`, `codcadt`, `codaldt`) VALUES (10, 1, 'Introdução ao Android: Otimização de App\'s', '2016-12-22 16:17:25', '2016-12-22 15:33:45');
INSERT INTO `biblivirti`.`conteudo` (`conid`, `conidgr`, `cocdesc`, `codcadt`, `codaldt`) VALUES (11, 1, 'Introdução ao Android: API\'s de Redes Sociais', '2016-12-22 16:17:25', '2016-12-22 15:33:45');
INSERT INTO `biblivirti`.`conteudo` (`conid`, `conidgr`, `cocdesc`, `codcadt`, `codaldt`) VALUES (12, 1, 'Introdução ao Android: API\'s de Geolocalização', '2016-12-22 16:17:25', '2016-12-22 15:33:45');
INSERT INTO `biblivirti`.`conteudo` (`conid`, `conidgr`, `cocdesc`, `codcadt`, `codaldt`) VALUES (13, 1, 'Outros Recursos e Funcionalidades (Opcional): Conteúdos que Podem Ajudar no Domínio do Problema de u', '2016-12-22 16:17:25', '2016-12-22 15:33:45');

COMMIT;


-- -----------------------------------------------------
-- Data for table `biblivirti`.`conteudomaterial`
-- -----------------------------------------------------
START TRANSACTION;
USE `biblivirti`;
INSERT INTO `biblivirti`.`conteudomaterial` (`cmnidco`, `cmnidma`) VALUES (1, 1);
INSERT INTO `biblivirti`.`conteudomaterial` (`cmnidco`, `cmnidma`) VALUES (1, 2);
INSERT INTO `biblivirti`.`conteudomaterial` (`cmnidco`, `cmnidma`) VALUES (1, 63);
INSERT INTO `biblivirti`.`conteudomaterial` (`cmnidco`, `cmnidma`) VALUES (2, 3);
INSERT INTO `biblivirti`.`conteudomaterial` (`cmnidco`, `cmnidma`) VALUES (2, 4);
INSERT INTO `biblivirti`.`conteudomaterial` (`cmnidco`, `cmnidma`) VALUES (2, 5);
INSERT INTO `biblivirti`.`conteudomaterial` (`cmnidco`, `cmnidma`) VALUES (2, 6);
INSERT INTO `biblivirti`.`conteudomaterial` (`cmnidco`, `cmnidma`) VALUES (2, 7);
INSERT INTO `biblivirti`.`conteudomaterial` (`cmnidco`, `cmnidma`) VALUES (2, 8);
INSERT INTO `biblivirti`.`conteudomaterial` (`cmnidco`, `cmnidma`) VALUES (2, 9);
INSERT INTO `biblivirti`.`conteudomaterial` (`cmnidco`, `cmnidma`) VALUES (2, 10);
INSERT INTO `biblivirti`.`conteudomaterial` (`cmnidco`, `cmnidma`) VALUES (2, 11);
INSERT INTO `biblivirti`.`conteudomaterial` (`cmnidco`, `cmnidma`) VALUES (2, 12);
INSERT INTO `biblivirti`.`conteudomaterial` (`cmnidco`, `cmnidma`) VALUES (2, 13);
INSERT INTO `biblivirti`.`conteudomaterial` (`cmnidco`, `cmnidma`) VALUES (2, 14);
INSERT INTO `biblivirti`.`conteudomaterial` (`cmnidco`, `cmnidma`) VALUES (2, 15);
INSERT INTO `biblivirti`.`conteudomaterial` (`cmnidco`, `cmnidma`) VALUES (2, 16);
INSERT INTO `biblivirti`.`conteudomaterial` (`cmnidco`, `cmnidma`) VALUES (2, 17);
INSERT INTO `biblivirti`.`conteudomaterial` (`cmnidco`, `cmnidma`) VALUES (2, 18);
INSERT INTO `biblivirti`.`conteudomaterial` (`cmnidco`, `cmnidma`) VALUES (2, 19);
INSERT INTO `biblivirti`.`conteudomaterial` (`cmnidco`, `cmnidma`) VALUES (2, 20);
INSERT INTO `biblivirti`.`conteudomaterial` (`cmnidco`, `cmnidma`) VALUES (2, 21);
INSERT INTO `biblivirti`.`conteudomaterial` (`cmnidco`, `cmnidma`) VALUES (2, 22);
INSERT INTO `biblivirti`.`conteudomaterial` (`cmnidco`, `cmnidma`) VALUES (2, 64);
INSERT INTO `biblivirti`.`conteudomaterial` (`cmnidco`, `cmnidma`) VALUES (3, 23);
INSERT INTO `biblivirti`.`conteudomaterial` (`cmnidco`, `cmnidma`) VALUES (3, 24);
INSERT INTO `biblivirti`.`conteudomaterial` (`cmnidco`, `cmnidma`) VALUES (3, 25);
INSERT INTO `biblivirti`.`conteudomaterial` (`cmnidco`, `cmnidma`) VALUES (3, 26);
INSERT INTO `biblivirti`.`conteudomaterial` (`cmnidco`, `cmnidma`) VALUES (3, 27);
INSERT INTO `biblivirti`.`conteudomaterial` (`cmnidco`, `cmnidma`) VALUES (3, 28);
INSERT INTO `biblivirti`.`conteudomaterial` (`cmnidco`, `cmnidma`) VALUES (3, 29);
INSERT INTO `biblivirti`.`conteudomaterial` (`cmnidco`, `cmnidma`) VALUES (3, 30);
INSERT INTO `biblivirti`.`conteudomaterial` (`cmnidco`, `cmnidma`) VALUES (3, 31);
INSERT INTO `biblivirti`.`conteudomaterial` (`cmnidco`, `cmnidma`) VALUES (3, 32);
INSERT INTO `biblivirti`.`conteudomaterial` (`cmnidco`, `cmnidma`) VALUES (3, 33);
INSERT INTO `biblivirti`.`conteudomaterial` (`cmnidco`, `cmnidma`) VALUES (3, 34);
INSERT INTO `biblivirti`.`conteudomaterial` (`cmnidco`, `cmnidma`) VALUES (3, 35);
INSERT INTO `biblivirti`.`conteudomaterial` (`cmnidco`, `cmnidma`) VALUES (3, 36);
INSERT INTO `biblivirti`.`conteudomaterial` (`cmnidco`, `cmnidma`) VALUES (3, 37);
INSERT INTO `biblivirti`.`conteudomaterial` (`cmnidco`, `cmnidma`) VALUES (3, 38);
INSERT INTO `biblivirti`.`conteudomaterial` (`cmnidco`, `cmnidma`) VALUES (3, 39);
INSERT INTO `biblivirti`.`conteudomaterial` (`cmnidco`, `cmnidma`) VALUES (3, 40);
INSERT INTO `biblivirti`.`conteudomaterial` (`cmnidco`, `cmnidma`) VALUES (3, 41);
INSERT INTO `biblivirti`.`conteudomaterial` (`cmnidco`, `cmnidma`) VALUES (3, 42);
INSERT INTO `biblivirti`.`conteudomaterial` (`cmnidco`, `cmnidma`) VALUES (3, 43);
INSERT INTO `biblivirti`.`conteudomaterial` (`cmnidco`, `cmnidma`) VALUES (3, 44);
INSERT INTO `biblivirti`.`conteudomaterial` (`cmnidco`, `cmnidma`) VALUES (3, 45);
INSERT INTO `biblivirti`.`conteudomaterial` (`cmnidco`, `cmnidma`) VALUES (3, 46);
INSERT INTO `biblivirti`.`conteudomaterial` (`cmnidco`, `cmnidma`) VALUES (3, 47);
INSERT INTO `biblivirti`.`conteudomaterial` (`cmnidco`, `cmnidma`) VALUES (3, 65);
INSERT INTO `biblivirti`.`conteudomaterial` (`cmnidco`, `cmnidma`) VALUES (4, 48);
INSERT INTO `biblivirti`.`conteudomaterial` (`cmnidco`, `cmnidma`) VALUES (4, 49);
INSERT INTO `biblivirti`.`conteudomaterial` (`cmnidco`, `cmnidma`) VALUES (4, 50);
INSERT INTO `biblivirti`.`conteudomaterial` (`cmnidco`, `cmnidma`) VALUES (4, 51);
INSERT INTO `biblivirti`.`conteudomaterial` (`cmnidco`, `cmnidma`) VALUES (4, 52);
INSERT INTO `biblivirti`.`conteudomaterial` (`cmnidco`, `cmnidma`) VALUES (4, 53);
INSERT INTO `biblivirti`.`conteudomaterial` (`cmnidco`, `cmnidma`) VALUES (4, 54);
INSERT INTO `biblivirti`.`conteudomaterial` (`cmnidco`, `cmnidma`) VALUES (4, 55);
INSERT INTO `biblivirti`.`conteudomaterial` (`cmnidco`, `cmnidma`) VALUES (4, 56);
INSERT INTO `biblivirti`.`conteudomaterial` (`cmnidco`, `cmnidma`) VALUES (4, 57);
INSERT INTO `biblivirti`.`conteudomaterial` (`cmnidco`, `cmnidma`) VALUES (4, 58);
INSERT INTO `biblivirti`.`conteudomaterial` (`cmnidco`, `cmnidma`) VALUES (4, 59);
INSERT INTO `biblivirti`.`conteudomaterial` (`cmnidco`, `cmnidma`) VALUES (4, 60);
INSERT INTO `biblivirti`.`conteudomaterial` (`cmnidco`, `cmnidma`) VALUES (4, 61);
INSERT INTO `biblivirti`.`conteudomaterial` (`cmnidco`, `cmnidma`) VALUES (4, 62);
INSERT INTO `biblivirti`.`conteudomaterial` (`cmnidco`, `cmnidma`) VALUES (4, 66);

COMMIT;


-- -----------------------------------------------------
-- Data for table `biblivirti`.`duvida`
-- -----------------------------------------------------
START TRANSACTION;
USE `biblivirti`;
INSERT INTO `biblivirti`.`duvida` (`dvnid`, `dvnidgr`, `dvnidus`, `dvctext`, `dvcanex`, `dvcstat`, `dvlanon`, `dvdcadt`, `dvdaldt`) VALUES (1, 1, 1, 'Dúvida 1', NULL, 'A', 1, DEFAULT, DEFAULT);
INSERT INTO `biblivirti`.`duvida` (`dvnid`, `dvnidgr`, `dvnidus`, `dvctext`, `dvcanex`, `dvcstat`, `dvlanon`, `dvdcadt`, `dvdaldt`) VALUES (2, 1, 2, 'Dúvida 2', NULL, 'A', DEFAULT, DEFAULT, DEFAULT);
INSERT INTO `biblivirti`.`duvida` (`dvnid`, `dvnidgr`, `dvnidus`, `dvctext`, `dvcanex`, `dvcstat`, `dvlanon`, `dvdcadt`, `dvdaldt`) VALUES (3, 1, 3, 'Dúvida 3', NULL, 'A', DEFAULT, DEFAULT, DEFAULT);
INSERT INTO `biblivirti`.`duvida` (`dvnid`, `dvnidgr`, `dvnidus`, `dvctext`, `dvcanex`, `dvcstat`, `dvlanon`, `dvdcadt`, `dvdaldt`) VALUES (4, 1, 4, 'Dúvida 4', NULL, 'A', DEFAULT, DEFAULT, DEFAULT);
INSERT INTO `biblivirti`.`duvida` (`dvnid`, `dvnidgr`, `dvnidus`, `dvctext`, `dvcanex`, `dvcstat`, `dvlanon`, `dvdcadt`, `dvdaldt`) VALUES (5, 1, 1, 'Dúvida 5', NULL, 'A', DEFAULT, DEFAULT, DEFAULT);
INSERT INTO `biblivirti`.`duvida` (`dvnid`, `dvnidgr`, `dvnidus`, `dvctext`, `dvcanex`, `dvcstat`, `dvlanon`, `dvdcadt`, `dvdaldt`) VALUES (6, 1, 2, 'Dúvida 6', NULL, 'A', 1, DEFAULT, DEFAULT);
INSERT INTO `biblivirti`.`duvida` (`dvnid`, `dvnidgr`, `dvnidus`, `dvctext`, `dvcanex`, `dvcstat`, `dvlanon`, `dvdcadt`, `dvdaldt`) VALUES (7, 1, 3, 'Dúvida 7', NULL, 'A', DEFAULT, DEFAULT, DEFAULT);
INSERT INTO `biblivirti`.`duvida` (`dvnid`, `dvnidgr`, `dvnidus`, `dvctext`, `dvcanex`, `dvcstat`, `dvlanon`, `dvdcadt`, `dvdaldt`) VALUES (8, 1, 4, 'Dúvida 8', NULL, 'A', DEFAULT, DEFAULT, DEFAULT);
INSERT INTO `biblivirti`.`duvida` (`dvnid`, `dvnidgr`, `dvnidus`, `dvctext`, `dvcanex`, `dvcstat`, `dvlanon`, `dvdcadt`, `dvdaldt`) VALUES (9, 1, 1, 'Dúvida 9', NULL, 'A', DEFAULT, DEFAULT, DEFAULT);
INSERT INTO `biblivirti`.`duvida` (`dvnid`, `dvnidgr`, `dvnidus`, `dvctext`, `dvcanex`, `dvcstat`, `dvlanon`, `dvdcadt`, `dvdaldt`) VALUES (10, 1, 2, 'Dúvida 10', NULL, 'A', DEFAULT, DEFAULT, DEFAULT);
INSERT INTO `biblivirti`.`duvida` (`dvnid`, `dvnidgr`, `dvnidus`, `dvctext`, `dvcanex`, `dvcstat`, `dvlanon`, `dvdcadt`, `dvdaldt`) VALUES (11, 1, 3, 'Dúvida 11', NULL, 'A', 1, DEFAULT, DEFAULT);
INSERT INTO `biblivirti`.`duvida` (`dvnid`, `dvnidgr`, `dvnidus`, `dvctext`, `dvcanex`, `dvcstat`, `dvlanon`, `dvdcadt`, `dvdaldt`) VALUES (12, 1, 4, 'Dúvida 12', NULL, 'A', DEFAULT, DEFAULT, DEFAULT);
INSERT INTO `biblivirti`.`duvida` (`dvnid`, `dvnidgr`, `dvnidus`, `dvctext`, `dvcanex`, `dvcstat`, `dvlanon`, `dvdcadt`, `dvdaldt`) VALUES (13, 1, 1, 'Dúvida 13', NULL, 'A', DEFAULT, DEFAULT, DEFAULT);

COMMIT;


-- -----------------------------------------------------
-- Data for table `biblivirti`.`duvidaconteudo`
-- -----------------------------------------------------
START TRANSACTION;
USE `biblivirti`;
INSERT INTO `biblivirti`.`duvidaconteudo` (`dcniddv`, `dcnidco`) VALUES (1, 1);
INSERT INTO `biblivirti`.`duvidaconteudo` (`dcniddv`, `dcnidco`) VALUES (2, 2);
INSERT INTO `biblivirti`.`duvidaconteudo` (`dcniddv`, `dcnidco`) VALUES (3, 3);
INSERT INTO `biblivirti`.`duvidaconteudo` (`dcniddv`, `dcnidco`) VALUES (4, 4);
INSERT INTO `biblivirti`.`duvidaconteudo` (`dcniddv`, `dcnidco`) VALUES (5, 5);
INSERT INTO `biblivirti`.`duvidaconteudo` (`dcniddv`, `dcnidco`) VALUES (6, 6);
INSERT INTO `biblivirti`.`duvidaconteudo` (`dcniddv`, `dcnidco`) VALUES (7, 7);
INSERT INTO `biblivirti`.`duvidaconteudo` (`dcniddv`, `dcnidco`) VALUES (8, 8);
INSERT INTO `biblivirti`.`duvidaconteudo` (`dcniddv`, `dcnidco`) VALUES (9, 9);
INSERT INTO `biblivirti`.`duvidaconteudo` (`dcniddv`, `dcnidco`) VALUES (10, 10);
INSERT INTO `biblivirti`.`duvidaconteudo` (`dcniddv`, `dcnidco`) VALUES (11, 11);
INSERT INTO `biblivirti`.`duvidaconteudo` (`dcniddv`, `dcnidco`) VALUES (12, 12);
INSERT INTO `biblivirti`.`duvidaconteudo` (`dcniddv`, `dcnidco`) VALUES (13, 13);

COMMIT;


-- -----------------------------------------------------
-- Data for table `biblivirti`.`grupousuario`
-- -----------------------------------------------------
START TRANSACTION;
USE `biblivirti`;
INSERT INTO `biblivirti`.`grupousuario` (`gunidgr`, `gunidus`, `guladm`, `gucstat`, `gudcadt`, `gudaldt`) VALUES (1, 1, 0, 'A', '2016-12-21 15:49:29', '2016-12-21 15:49:29');
INSERT INTO `biblivirti`.`grupousuario` (`gunidgr`, `gunidus`, `guladm`, `gucstat`, `gudcadt`, `gudaldt`) VALUES (1, 2, 0, 'A', '2016-12-21 15:49:29', '2016-12-21 15:49:29');
INSERT INTO `biblivirti`.`grupousuario` (`gunidgr`, `gunidus`, `guladm`, `gucstat`, `gudcadt`, `gudaldt`) VALUES (1, 3, 0, 'A', '2016-12-21 15:49:29', '2016-12-21 15:49:29');
INSERT INTO `biblivirti`.`grupousuario` (`gunidgr`, `gunidus`, `guladm`, `gucstat`, `gudcadt`, `gudaldt`) VALUES (1, 4, 1, 'A', '2016-12-21 15:49:29', '2016-12-21 15:49:29');

COMMIT;


-- -----------------------------------------------------
-- Data for table `biblivirti`.`historicoacesso`
-- -----------------------------------------------------
START TRANSACTION;
USE `biblivirti`;
INSERT INTO `biblivirti`.`historicoacesso` (`hanid`, `hanidus`, `hactipo`, `hanidma`, `hadendt`, `hadsadt`) VALUES (1, 4, 'M', 1, '2016-12-21 17:28:23', '2016-12-21 17:30:00');
INSERT INTO `biblivirti`.`historicoacesso` (`hanid`, `hanidus`, `hactipo`, `hanidma`, `hadendt`, `hadsadt`) VALUES (2, 4, 'M', 2, '2016-12-21 17:30:00', '2016-12-21 17:32:00');
INSERT INTO `biblivirti`.`historicoacesso` (`hanid`, `hanidus`, `hactipo`, `hanidma`, `hadendt`, `hadsadt`) VALUES (3, 4, 'M', 3, '2016-12-21 17:32:00', '2016-12-21 17:34:00');
INSERT INTO `biblivirti`.`historicoacesso` (`hanid`, `hanidus`, `hactipo`, `hanidma`, `hadendt`, `hadsadt`) VALUES (4, 4, 'M', 4, '2016-12-21 17:34:00', '2016-12-21 17:36:00');
INSERT INTO `biblivirti`.`historicoacesso` (`hanid`, `hanidus`, `hactipo`, `hanidma`, `hadendt`, `hadsadt`) VALUES (5, 4, 'M', 5, '2016-12-21 17:36:00', '2016-12-21 17:38:00');
INSERT INTO `biblivirti`.`historicoacesso` (`hanid`, `hanidus`, `hactipo`, `hanidma`, `hadendt`, `hadsadt`) VALUES (6, 4, 'M', 6, '2016-12-21 17:38:00', '2016-12-21 17:40:00');
INSERT INTO `biblivirti`.`historicoacesso` (`hanid`, `hanidus`, `hactipo`, `hanidma`, `hadendt`, `hadsadt`) VALUES (7, 4, 'M', 7, '2016-12-21 17:40:00', '2016-12-21 17:42:00');
INSERT INTO `biblivirti`.`historicoacesso` (`hanid`, `hanidus`, `hactipo`, `hanidma`, `hadendt`, `hadsadt`) VALUES (8, 4, 'M', 8, '2016-12-21 17:42:00', '2016-12-21 17:44:00');
INSERT INTO `biblivirti`.`historicoacesso` (`hanid`, `hanidus`, `hactipo`, `hanidma`, `hadendt`, `hadsadt`) VALUES (9, 4, 'M', 9, '2016-12-21 17:44:00', '2016-12-21 17:46:00');
INSERT INTO `biblivirti`.`historicoacesso` (`hanid`, `hanidus`, `hactipo`, `hanidma`, `hadendt`, `hadsadt`) VALUES (10, 4, 'M', 10, '2016-12-21 17:44:00', '2016-12-21 17:48:00');
INSERT INTO `biblivirti`.`historicoacesso` (`hanid`, `hanidus`, `hactipo`, `hanidma`, `hadendt`, `hadsadt`) VALUES (11, 4, 'M', 11, '2016-12-21 17:48:00', '2016-12-21 17:50:00');
INSERT INTO `biblivirti`.`historicoacesso` (`hanid`, `hanidus`, `hactipo`, `hanidma`, `hadendt`, `hadsadt`) VALUES (12, 4, 'M', 12, '2016-12-21 17:50:00', '2016-12-21 17:52:00');
INSERT INTO `biblivirti`.`historicoacesso` (`hanid`, `hanidus`, `hactipo`, `hanidma`, `hadendt`, `hadsadt`) VALUES (13, 4, 'M', 13, '2016-12-21 17:52:00', '2016-12-21 17:54:00');
INSERT INTO `biblivirti`.`historicoacesso` (`hanid`, `hanidus`, `hactipo`, `hanidma`, `hadendt`, `hadsadt`) VALUES (14, 4, 'M', 14, '2016-12-21 17:54:00', '2016-12-21 17:56:00');
INSERT INTO `biblivirti`.`historicoacesso` (`hanid`, `hanidus`, `hactipo`, `hanidma`, `hadendt`, `hadsadt`) VALUES (15, 4, 'M', 15, '2016-12-21 17:56:00', '2016-12-21 17:58:00');
INSERT INTO `biblivirti`.`historicoacesso` (`hanid`, `hanidus`, `hactipo`, `hanidma`, `hadendt`, `hadsadt`) VALUES (16, 4, 'M', 16, '2016-12-21 17:58:00', '2016-12-21 18:00:00');
INSERT INTO `biblivirti`.`historicoacesso` (`hanid`, `hanidus`, `hactipo`, `hanidma`, `hadendt`, `hadsadt`) VALUES (17, 4, 'M', 17, '2016-12-21 18:00:00', '2016-12-21 18:02:00');
INSERT INTO `biblivirti`.`historicoacesso` (`hanid`, `hanidus`, `hactipo`, `hanidma`, `hadendt`, `hadsadt`) VALUES (18, 4, 'M', 18, '2016-12-21 18:02:00', '2016-12-21 18:04:00');
INSERT INTO `biblivirti`.`historicoacesso` (`hanid`, `hanidus`, `hactipo`, `hanidma`, `hadendt`, `hadsadt`) VALUES (19, 4, 'M', 19, '2016-12-21 18:04:00', '2016-12-21 18:06:00');
INSERT INTO `biblivirti`.`historicoacesso` (`hanid`, `hanidus`, `hactipo`, `hanidma`, `hadendt`, `hadsadt`) VALUES (20, 4, 'M', 20, '2016-12-21 18:06:00', '2016-12-21 18:08:00');
INSERT INTO `biblivirti`.`historicoacesso` (`hanid`, `hanidus`, `hactipo`, `hanidma`, `hadendt`, `hadsadt`) VALUES (21, 4, 'M', 21, '2016-12-21 18:08:00', '2016-12-21 18:10:00');
INSERT INTO `biblivirti`.`historicoacesso` (`hanid`, `hanidus`, `hactipo`, `hanidma`, `hadendt`, `hadsadt`) VALUES (22, 4, 'M', 22, '2016-12-21 18:10:00', '2016-12-21 18:15:00');
INSERT INTO `biblivirti`.`historicoacesso` (`hanid`, `hanidus`, `hactipo`, `hanidma`, `hadendt`, `hadsadt`) VALUES (23, 4, 'M', 23, '2016-12-21 18:15:00', '2016-12-21 18:20:00');
INSERT INTO `biblivirti`.`historicoacesso` (`hanid`, `hanidus`, `hactipo`, `hanidma`, `hadendt`, `hadsadt`) VALUES (24, 4, 'M', 24, '2016-12-21 18:20:00', '2016-12-21 18:22:00');
INSERT INTO `biblivirti`.`historicoacesso` (`hanid`, `hanidus`, `hactipo`, `hanidma`, `hadendt`, `hadsadt`) VALUES (25, 4, 'M', 25, '2016-12-21 18:22:00', '2016-12-21 18:25:00');
INSERT INTO `biblivirti`.`historicoacesso` (`hanid`, `hanidus`, `hactipo`, `hanidma`, `hadendt`, `hadsadt`) VALUES (26, 4, 'M', 26, '2016-12-21 18:25:00', '2016-12-21 18:30:00');
INSERT INTO `biblivirti`.`historicoacesso` (`hanid`, `hanidus`, `hactipo`, `hanidma`, `hadendt`, `hadsadt`) VALUES (27, 4, 'M', 27, '2016-12-21 18:30:00', '2016-12-21 18:32:00');
INSERT INTO `biblivirti`.`historicoacesso` (`hanid`, `hanidus`, `hactipo`, `hanidma`, `hadendt`, `hadsadt`) VALUES (28, 4, 'M', 28, '2016-12-21 18:32:00', '2016-12-21 18:34:00');
INSERT INTO `biblivirti`.`historicoacesso` (`hanid`, `hanidus`, `hactipo`, `hanidma`, `hadendt`, `hadsadt`) VALUES (29, 4, 'M', 29, '2016-12-21 18:34:00', '2016-12-21 18:38:00');
INSERT INTO `biblivirti`.`historicoacesso` (`hanid`, `hanidus`, `hactipo`, `hanidma`, `hadendt`, `hadsadt`) VALUES (30, 4, 'M', 30, '2016-12-21 18:38:00', '2016-12-21 18:40:00');
INSERT INTO `biblivirti`.`historicoacesso` (`hanid`, `hanidus`, `hactipo`, `hanidma`, `hadendt`, `hadsadt`) VALUES (31, 4, 'M', 31, '2016-12-21 18:40:00', '2016-12-21 18:42:00');
INSERT INTO `biblivirti`.`historicoacesso` (`hanid`, `hanidus`, `hactipo`, `hanidma`, `hadendt`, `hadsadt`) VALUES (32, 4, 'M', 32, '2016-12-21 18:42:00', '2016-12-21 18:45:00');
INSERT INTO `biblivirti`.`historicoacesso` (`hanid`, `hanidus`, `hactipo`, `hanidma`, `hadendt`, `hadsadt`) VALUES (33, 4, 'M', 33, '2016-12-21 18:45:00', '2016-12-21 18:48:00');
INSERT INTO `biblivirti`.`historicoacesso` (`hanid`, `hanidus`, `hactipo`, `hanidma`, `hadendt`, `hadsadt`) VALUES (34, 4, 'M', 34, '2016-12-21 18:48:00', '2016-12-21 18:50:00');
INSERT INTO `biblivirti`.`historicoacesso` (`hanid`, `hanidus`, `hactipo`, `hanidma`, `hadendt`, `hadsadt`) VALUES (35, 4, 'M', 35, '2016-12-21 18:50:00', '2016-12-21 18:52:00');
INSERT INTO `biblivirti`.`historicoacesso` (`hanid`, `hanidus`, `hactipo`, `hanidma`, `hadendt`, `hadsadt`) VALUES (36, 4, 'M', 36, '2016-12-21 18:52:00', '2016-12-21 18:54:00');
INSERT INTO `biblivirti`.`historicoacesso` (`hanid`, `hanidus`, `hactipo`, `hanidma`, `hadendt`, `hadsadt`) VALUES (37, 4, 'M', 37, '2016-12-21 18:54:00', '2016-12-21 18:56:00');
INSERT INTO `biblivirti`.`historicoacesso` (`hanid`, `hanidus`, `hactipo`, `hanidma`, `hadendt`, `hadsadt`) VALUES (38, 4, 'M', 38, '2016-12-21 18:56:00', '2016-12-21 18:58:00');
INSERT INTO `biblivirti`.`historicoacesso` (`hanid`, `hanidus`, `hactipo`, `hanidma`, `hadendt`, `hadsadt`) VALUES (39, 4, 'M', 39, '2016-12-21 18:58:00', '2016-12-21 18:59:00');
INSERT INTO `biblivirti`.`historicoacesso` (`hanid`, `hanidus`, `hactipo`, `hanidma`, `hadendt`, `hadsadt`) VALUES (40, 4, 'M', 40, '2016-12-21 17:00:00', '2016-12-21 17:02:00');
INSERT INTO `biblivirti`.`historicoacesso` (`hanid`, `hanidus`, `hactipo`, `hanidma`, `hadendt`, `hadsadt`) VALUES (41, 4, 'M', 41, '2016-12-21 17:02:00', '2016-12-21 17:04:00');
INSERT INTO `biblivirti`.`historicoacesso` (`hanid`, `hanidus`, `hactipo`, `hanidma`, `hadendt`, `hadsadt`) VALUES (42, 4, 'M', 42, '2016-12-21 17:04:00', '2016-12-21 17:06:00');
INSERT INTO `biblivirti`.`historicoacesso` (`hanid`, `hanidus`, `hactipo`, `hanidma`, `hadendt`, `hadsadt`) VALUES (43, 4, 'M', 43, '2016-12-21 17:06:00', '2016-12-21 17:08:00');
INSERT INTO `biblivirti`.`historicoacesso` (`hanid`, `hanidus`, `hactipo`, `hanidma`, `hadendt`, `hadsadt`) VALUES (44, 4, 'M', 44, '2016-12-21 17:08:00', '2016-12-21 17:10:00');
INSERT INTO `biblivirti`.`historicoacesso` (`hanid`, `hanidus`, `hactipo`, `hanidma`, `hadendt`, `hadsadt`) VALUES (45, 4, 'M', 45, '2016-12-21 17:10:00', '2016-12-21 17:15:00');
INSERT INTO `biblivirti`.`historicoacesso` (`hanid`, `hanidus`, `hactipo`, `hanidma`, `hadendt`, `hadsadt`) VALUES (46, 4, 'M', 46, '2016-12-21 17:15:00', '2016-12-21 17:20:00');
INSERT INTO `biblivirti`.`historicoacesso` (`hanid`, `hanidus`, `hactipo`, `hanidma`, `hadendt`, `hadsadt`) VALUES (47, 4, 'M', 47, '2016-12-21 17:20:00', '2016-12-21 17:22:00');
INSERT INTO `biblivirti`.`historicoacesso` (`hanid`, `hanidus`, `hactipo`, `hanidma`, `hadendt`, `hadsadt`) VALUES (48, 4, 'M', 48, '2016-12-21 17:22:00', '2016-12-21 17:24:00');
INSERT INTO `biblivirti`.`historicoacesso` (`hanid`, `hanidus`, `hactipo`, `hanidma`, `hadendt`, `hadsadt`) VALUES (49, 4, 'M', 49, '2016-12-21 17:24:00', '2016-12-21 17:26:00');
INSERT INTO `biblivirti`.`historicoacesso` (`hanid`, `hanidus`, `hactipo`, `hanidma`, `hadendt`, `hadsadt`) VALUES (50, 4, 'M', 50, '2016-12-21 17:26:00', '2016-12-21 17:28:00');
INSERT INTO `biblivirti`.`historicoacesso` (`hanid`, `hanidus`, `hactipo`, `hanidma`, `hadendt`, `hadsadt`) VALUES (51, 4, 'M', 51, '2016-12-21 17:28:00', '2016-12-21 17:32:00');
INSERT INTO `biblivirti`.`historicoacesso` (`hanid`, `hanidus`, `hactipo`, `hanidma`, `hadendt`, `hadsadt`) VALUES (52, 4, 'M', 52, '2016-12-22 17:28:23', '2016-12-22 17:30:00');
INSERT INTO `biblivirti`.`historicoacesso` (`hanid`, `hanidus`, `hactipo`, `hanidma`, `hadendt`, `hadsadt`) VALUES (53, 4, 'M', 53, '2016-12-22 17:30:00', '2016-12-22 17:32:00');
INSERT INTO `biblivirti`.`historicoacesso` (`hanid`, `hanidus`, `hactipo`, `hanidma`, `hadendt`, `hadsadt`) VALUES (54, 4, 'M', 54, '2016-12-22 17:32:00', '2016-12-22 17:34:00');
INSERT INTO `biblivirti`.`historicoacesso` (`hanid`, `hanidus`, `hactipo`, `hanidma`, `hadendt`, `hadsadt`) VALUES (55, 4, 'M', 55, '2016-12-22 17:34:00', '2016-12-22 17:36:00');
INSERT INTO `biblivirti`.`historicoacesso` (`hanid`, `hanidus`, `hactipo`, `hanidma`, `hadendt`, `hadsadt`) VALUES (56, 4, 'M', 56, '2016-12-22 17:36:00', '2016-12-22 17:38:00');
INSERT INTO `biblivirti`.`historicoacesso` (`hanid`, `hanidus`, `hactipo`, `hanidma`, `hadendt`, `hadsadt`) VALUES (57, 4, 'M', 57, '2016-12-22 17:38:00', '2016-12-22 17:40:00');
INSERT INTO `biblivirti`.`historicoacesso` (`hanid`, `hanidus`, `hactipo`, `hanidma`, `hadendt`, `hadsadt`) VALUES (58, 4, 'M', 58, '2016-12-22 17:40:00', '2016-12-22 17:42:00');
INSERT INTO `biblivirti`.`historicoacesso` (`hanid`, `hanidus`, `hactipo`, `hanidma`, `hadendt`, `hadsadt`) VALUES (59, 4, 'M', 59, '2016-12-22 17:42:00', '2016-12-22 17:44:00');
INSERT INTO `biblivirti`.`historicoacesso` (`hanid`, `hanidus`, `hactipo`, `hanidma`, `hadendt`, `hadsadt`) VALUES (60, 4, 'M', 60, '2016-12-22 17:44:00', '2016-12-22 17:46:00');
INSERT INTO `biblivirti`.`historicoacesso` (`hanid`, `hanidus`, `hactipo`, `hanidma`, `hadendt`, `hadsadt`) VALUES (61, 4, 'M', 61, '2016-12-22 17:46:00', '2016-12-22 17:48:00');
INSERT INTO `biblivirti`.`historicoacesso` (`hanid`, `hanidus`, `hactipo`, `hanidma`, `hadendt`, `hadsadt`) VALUES (62, 4, 'M', 62, '2016-12-22 17:48:00', '2016-12-22 17:50:00');
INSERT INTO `biblivirti`.`historicoacesso` (`hanid`, `hanidus`, `hactipo`, `hanidma`, `hadendt`, `hadsadt`) VALUES (63, 4, 'M', 63, '2016-12-22 17:50:00', '2016-12-22 17:52:00');
INSERT INTO `biblivirti`.`historicoacesso` (`hanid`, `hanidus`, `hactipo`, `hanidma`, `hadendt`, `hadsadt`) VALUES (64, 4, 'M', 64, '2016-12-22 17:52:00', '2016-12-22 17:54:00');
INSERT INTO `biblivirti`.`historicoacesso` (`hanid`, `hanidus`, `hactipo`, `hanidma`, `hadendt`, `hadsadt`) VALUES (65, 4, 'M', 65, '2016-12-22 17:54:00', '2016-12-22 17:56:00');
INSERT INTO `biblivirti`.`historicoacesso` (`hanid`, `hanidus`, `hactipo`, `hanidma`, `hadendt`, `hadsadt`) VALUES (66, 4, 'M', 66, '2016-12-22 17:56:00', '2016-12-22 17:58:00');
INSERT INTO `biblivirti`.`historicoacesso` (`hanid`, `hanidus`, `hactipo`, `hanidma`, `hadendt`, `hadsadt`) VALUES (67, 4, 'L', NULL, '2016-12-20 17:28:23', '2016-12-20 17:59:10');

COMMIT;


-- -----------------------------------------------------
-- Data for table `biblivirti`.`mensagem`
-- -----------------------------------------------------
START TRANSACTION;
USE `biblivirti`;
INSERT INTO `biblivirti`.`mensagem` (`msnid`, `msnidgr`, `msnidus`, `msctext`, `mscanex`, `mscstat`, `msdcadt`) VALUES (1, 1, 1, 'Mensagem 1', NULL, 'A', DEFAULT);
INSERT INTO `biblivirti`.`mensagem` (`msnid`, `msnidgr`, `msnidus`, `msctext`, `mscanex`, `mscstat`, `msdcadt`) VALUES (2, 1, 2, 'Mensagem 2', NULL, 'A', DEFAULT);
INSERT INTO `biblivirti`.`mensagem` (`msnid`, `msnidgr`, `msnidus`, `msctext`, `mscanex`, `mscstat`, `msdcadt`) VALUES (3, 1, 3, 'Mensagem 3', NULL, 'A', DEFAULT);
INSERT INTO `biblivirti`.`mensagem` (`msnid`, `msnidgr`, `msnidus`, `msctext`, `mscanex`, `mscstat`, `msdcadt`) VALUES (4, 1, 4, 'Mensagem 4', NULL, 'A', DEFAULT);
INSERT INTO `biblivirti`.`mensagem` (`msnid`, `msnidgr`, `msnidus`, `msctext`, `mscanex`, `mscstat`, `msdcadt`) VALUES (5, 1, 1, 'Mensagem 5', NULL, 'A', DEFAULT);
INSERT INTO `biblivirti`.`mensagem` (`msnid`, `msnidgr`, `msnidus`, `msctext`, `mscanex`, `mscstat`, `msdcadt`) VALUES (6, 1, 2, 'Mensagem 6', NULL, 'A', DEFAULT);
INSERT INTO `biblivirti`.`mensagem` (`msnid`, `msnidgr`, `msnidus`, `msctext`, `mscanex`, `mscstat`, `msdcadt`) VALUES (7, 1, 3, 'Mensagem 7', NULL, 'A', DEFAULT);
INSERT INTO `biblivirti`.`mensagem` (`msnid`, `msnidgr`, `msnidus`, `msctext`, `mscanex`, `mscstat`, `msdcadt`) VALUES (8, 1, 4, 'Mensagem 8', NULL, 'A', DEFAULT);
INSERT INTO `biblivirti`.`mensagem` (`msnid`, `msnidgr`, `msnidus`, `msctext`, `mscanex`, `mscstat`, `msdcadt`) VALUES (9, 1, 1, 'Mensagem 9', NULL, 'A', DEFAULT);
INSERT INTO `biblivirti`.`mensagem` (`msnid`, `msnidgr`, `msnidus`, `msctext`, `mscanex`, `mscstat`, `msdcadt`) VALUES (10, 1, 2, 'Mensagem 10', NULL, 'A', DEFAULT);

COMMIT;


-- -----------------------------------------------------
-- Data for table `biblivirti`.`parametros`
-- -----------------------------------------------------
START TRANSACTION;
USE `biblivirti`;
INSERT INTO `biblivirti`.`parametros` (`prnnal`, `prnnqe`, `prntmax`, `prnnadm`) VALUES (5, 10, 16, 1);

COMMIT;


-- -----------------------------------------------------
-- Data for table `biblivirti`.`questaosimulado`
-- -----------------------------------------------------
START TRANSACTION;
USE `biblivirti`;
INSERT INTO `biblivirti`.`questaosimulado` (`qsnidma`, `qsnidqe`) VALUES (63, 1);
INSERT INTO `biblivirti`.`questaosimulado` (`qsnidma`, `qsnidqe`) VALUES (63, 2);
INSERT INTO `biblivirti`.`questaosimulado` (`qsnidma`, `qsnidqe`) VALUES (63, 3);
INSERT INTO `biblivirti`.`questaosimulado` (`qsnidma`, `qsnidqe`) VALUES (63, 4);
INSERT INTO `biblivirti`.`questaosimulado` (`qsnidma`, `qsnidqe`) VALUES (63, 5);
INSERT INTO `biblivirti`.`questaosimulado` (`qsnidma`, `qsnidqe`) VALUES (64, 6);
INSERT INTO `biblivirti`.`questaosimulado` (`qsnidma`, `qsnidqe`) VALUES (64, 7);
INSERT INTO `biblivirti`.`questaosimulado` (`qsnidma`, `qsnidqe`) VALUES (64, 8);
INSERT INTO `biblivirti`.`questaosimulado` (`qsnidma`, `qsnidqe`) VALUES (64, 9);
INSERT INTO `biblivirti`.`questaosimulado` (`qsnidma`, `qsnidqe`) VALUES (64, 10);
INSERT INTO `biblivirti`.`questaosimulado` (`qsnidma`, `qsnidqe`) VALUES (65, 11);
INSERT INTO `biblivirti`.`questaosimulado` (`qsnidma`, `qsnidqe`) VALUES (65, 12);
INSERT INTO `biblivirti`.`questaosimulado` (`qsnidma`, `qsnidqe`) VALUES (65, 13);
INSERT INTO `biblivirti`.`questaosimulado` (`qsnidma`, `qsnidqe`) VALUES (65, 14);
INSERT INTO `biblivirti`.`questaosimulado` (`qsnidma`, `qsnidqe`) VALUES (65, 15);
INSERT INTO `biblivirti`.`questaosimulado` (`qsnidma`, `qsnidqe`) VALUES (66, 16);
INSERT INTO `biblivirti`.`questaosimulado` (`qsnidma`, `qsnidqe`) VALUES (66, 17);
INSERT INTO `biblivirti`.`questaosimulado` (`qsnidma`, `qsnidqe`) VALUES (66, 18);
INSERT INTO `biblivirti`.`questaosimulado` (`qsnidma`, `qsnidqe`) VALUES (66, 19);
INSERT INTO `biblivirti`.`questaosimulado` (`qsnidma`, `qsnidqe`) VALUES (66, 20);
INSERT INTO `biblivirti`.`questaosimulado` (`qsnidma`, `qsnidqe`) VALUES (66, 21);
INSERT INTO `biblivirti`.`questaosimulado` (`qsnidma`, `qsnidqe`) VALUES (66, 22);

COMMIT;

